"","Receptor","CAS","substance","obs","obsstddev","airpollutanttype","Distance","mod","Pollutant_MNRiskS","MPCAID","site"
"1","10019","E1647635","PM2.5",7.94636363636364,4.64994184185249,"criteria",0.000966339774045,13.5282474763518,"Particulate Matter <2.5","271390505","271390505"
"2","14127","106-99-0","1,3-Butadiene",0.092005262,0.046437472,"airtoxics",0.00080476694794,0.26977292824105,"Butadiene 1,3-","271630436","271630436"
"3","14127","108-05-4","Vinyl Acetate",0.593009374,0.317805072,"airtoxics",0.00080476694794,0.00560956312929985,"Vinyl Acetate","271630436","271630436"
"4","14127","108-88-3","Toluene",1.095222212,0.535721373,"airtoxics",0.00080476694794,4.91644113891543,"Toluene","271630436","271630436"
"5","14127","110-54-3","N-Hexane",1.181805865,1.942591463,"airtoxics",0.00080476694794,1.89666412079701,"NHexane","271630436","271630436"
"6","14127","110-82-7","Cyclohexane",0.350879982,0.53625032,"airtoxics",0.00080476694794,0.428672862685615,"Cyclohexane","271630436","271630436"
"7","14127","1330-20-7","M/P Xylene",0.619690503,0.155057355,"airtoxics",0.00080476694794,2.46980339540419,"Xylenes (Mixed Isomers)","271630436","271630436"
"8","14127","50-00-0","Formaldehyde",2.285151964,0.99285394,"airtoxics",0.00080476694794,2.70372527839678,"Formaldehyde","271630436","271630436"
"9","14127","56-23-5","Carbon Tetrachloride",0.484713611,0.070293831,"airtoxics",0.00080476694794,0.540692252639278,"Carbon Tetrachloride","271630436","271630436"
"10","14127","67-64-1","Acetone",2.721763704,0.876844154,"airtoxics",0.00080476694794,0.188193866514773,"Acetone","271630436","271630436"
"11","14127","67-66-3","Chloroform",0.201585955,0.542634325,"airtoxics",0.00080476694794,0.0901283566419676,"Chloroform (Trichloromethane)","271630436","271630436"
"12","14127","71-43-2","Benzene",0.666062037,0.303587334,"airtoxics",0.00080476694794,1.41510008687839,"Benzene","271630436","271630436"
"13","14127","74-87-3","Chloromethane",1.031539615,0.150781063,"airtoxics",0.00080476694794,1.1563830035667,"Methyl Chloride (Chloromethane)","271630436","271630436"
"14","14127","7446-09-5","SulfurDioxide",1.65774958037793,1.76352963328611,"criteria",0.00080476694794,2.71482818466208,"Sulfur Dioxide","271630436","271630436"
"15","14127","75-07-0","Acetaldehyde",1.442690877,0.473370218,"airtoxics",0.00080476694794,1.70010596529836,"Acetaldehyde","271630436","271630436"
"16","14127","75-09-2","Dichloromethane",0.286960545,0.124380532,"airtoxics",0.00080476694794,0.0461424531633057,"Methylene Chloride","271630436","271630436"
"17","14127","75-15-0","Carbon Disulfide",0.043677197,0.010009695,"airtoxics",0.00080476694794,0.00790047935875506,"Carbon Disulfide","271630436","271630436"
"18","14127","78-93-3","Methyl Ethyl Ketone",0.610627556,0.366941855,"airtoxics",0.00080476694794,0.239622337069697,"Methyl Ethyl Ketone (2-Butanone)","271630436","271630436"
"19","14127","95-63-6","1,2,4-Trimethylbenzene",0.253010263,0.104909161,"airtoxics",0.00080476694794,0.676180171502838,"Trimethylbenzene 1,2,4-","271630436","271630436"
"20","16417","106-99-0","1,3-Butadiene",0.092222279,0.069251851,"airtoxics",0.00146391382004,0.139517271719412,"Butadiene 1,3-","270530961","270530961"
"21","16417","108-05-4","Vinyl Acetate",0.873923351,0.710049137,"airtoxics",0.00146391382004,0.00232932935029127,"Vinyl Acetate","270530961","270530961"
"22","16417","108-88-3","Toluene",0.819681451,0.515937622,"airtoxics",0.00146391382004,7.11533250418278,"Toluene","270530961","270530961"
"23","16417","110-54-3","N-Hexane",0.419445273,0.282639022,"airtoxics",0.00146391382004,1.71601747030464,"NHexane","270530961","270530961"
"24","16417","110-82-7","Cyclohexane",0.129540557,0.092822441,"airtoxics",0.00146391382004,0.006999214087705,"Cyclohexane","270530961","270530961"
"25","16417","1330-20-7","M/P Xylene",0.57874286,0.145469858,"airtoxics",0.00146391382004,1.9743526215631,"Xylenes (Mixed Isomers)","270530961","270530961"
"26","16417","50-00-0","Formaldehyde",2.441207037,0.838984068,"airtoxics",0.00146391382004,2.10198143896347,"Formaldehyde","270530961","270530961"
"27","16417","56-23-5","Carbon Tetrachloride",0.490601964,0.075736887,"airtoxics",0.00146391382004,0.540269998547724,"Carbon Tetrachloride","270530961","270530961"
"28","16417","67-64-1","Acetone",2.415735,0.834126128,"airtoxics",0.00146391382004,0.309599327944519,"Acetone","270530961","270530961"
"29","16417","71-43-2","Benzene",0.543894821,0.23167706,"airtoxics",0.00146391382004,0.990605783342366,"Benzene","270530961","270530961"
"30","16417","74-87-3","Chloromethane",1.022457593,0.145962455,"airtoxics",0.00146391382004,1.09068268203297,"Methyl Chloride (Chloromethane)","270530961","270530961"
"31","16417","75-07-0","Acetaldehyde",1.678471455,0.741543305,"airtoxics",0.00146391382004,1.8766939204915,"Acetaldehyde","270530961","270530961"
"32","16417","75-09-2","Dichloromethane",0.306798364,0.194962836,"airtoxics",0.00146391382004,0.0646679594233959,"Methylene Chloride","270530961","270530961"
"33","16417","78-93-3","Methyl Ethyl Ketone",0.798714468,0.551974652,"airtoxics",0.00146391382004,0.280245987217926,"Methyl Ethyl Ketone (2-Butanone)","270530961","270530961"
"34","16417","95-63-6","1,2,4-Trimethylbenzene",0.253590971,0.071833519,"airtoxics",0.00146391382004,0.0103167995630334,"Trimethylbenzene 1,2,4-","270530961","270530961"
"35","18146","E1647619","PM10",27.0178571428571,17.3802302227963,"criteria",0.000831910497713,21.0746569351954,"PM10","271230866","271230866"
"36","21865","100-41-4","Ethylbenzene",0.306149402,0.546066954,"airtoxics",0.00151854464906,0.758278455294175,"Ethylbenzene","270530250","270530250"
"37","21865","106-99-0","1,3-Butadiene",0.092706591,0.063046341,"airtoxics",0.00151854464906,0.196650924639783,"Butadiene 1,3-","270530250","270530250"
"38","21865","108-05-4","Vinyl Acetate",0.680287985,0.485090528,"airtoxics",0.00151854464906,0.00456961256243787,"Vinyl Acetate","270530250","270530250"
"39","21865","108-88-3","Toluene",1.382260189,1.642051821,"airtoxics",0.00151854464906,10.5011125104308,"Toluene","270530250","270530250"
"40","21865","110-54-3","N-Hexane",0.866396471,1.220253006,"airtoxics",0.00151854464906,2.43244703610016,"NHexane","270530250","270530250"
"41","21865","110-82-7","Cyclohexane",0.174478732,0.101588821,"airtoxics",0.00151854464906,0.0105335336958292,"Cyclohexane","270530250","270530250"
"42","21865","127-18-4","Tetrachloroethylene",0.251013599,0.084011444,"airtoxics",0.00151854464906,0.0888549225305377,"Tetrachloroethylene (Perchloroethylene)","270530250","270530250"
"43","21865","1330-20-7","M/P Xylene",0.768622816,1.339435529,"airtoxics",0.00151854464906,3.3405269191576,"Xylenes (Mixed Isomers)","270530250","270530250"
"44","21865","50-00-0","Formaldehyde",2.081203393,0.738556163,"airtoxics",0.00151854464906,2.19037296407396,"Formaldehyde","270530250","270530250"
"45","21865","56-23-5","Carbon Tetrachloride",0.495257963,0.075942544,"airtoxics",0.00151854464906,0.540328995694434,"Carbon Tetrachloride","270530250","270530250"
"46","21865","67-64-1","Acetone",2.877386481,1.155145135,"airtoxics",0.00151854464906,0.584637322049242,"Acetone","270530250","270530250"
"47","21865","67-66-3","Chloroform",0.283995387,0.52944882,"airtoxics",0.00151854464906,0.164253877647729,"Chloroform (Trichloromethane)","270530250","270530250"
"48","21865","71-43-2","Benzene",0.568654,0.272284433,"airtoxics",0.00151854464906,1.48869089378704,"Benzene","270530250","270530250"
"49","21865","71-55-6","Methyl Chloroform",0.120084975,0.048323476,"airtoxics",0.00151854464906,0.809607826595299,"Trichloroethane, 1,1,1-","270530250","270530250"
"50","21865","74-87-3","Chloromethane",1.009723774,0.145846654,"airtoxics",0.00151854464906,1.09063430827428,"Methyl Chloride (Chloromethane)","270530250","270530250"
"51","21865","75-07-0","Acetaldehyde",1.294425439,0.428026876,"airtoxics",0.00151854464906,2.06323590441916,"Acetaldehyde","270530250","270530250"
"52","21865","75-09-2","Dichloromethane",0.351305556,0.152904359,"airtoxics",0.00151854464906,0.084944073698539,"Methylene Chloride","270530250","270530250"
"53","21865","78-93-3","Methyl Ethyl Ketone",0.836103071,0.699729584,"airtoxics",0.00151854464906,0.322244995702853,"Methyl Ethyl Ketone (2-Butanone)","270530250","270530250"
"54","21865","79-01-6","Trichloroethylene",0.127620554,0.077120554,"airtoxics",0.00151854464906,0.0904483816656192,"Trichloroethylene","270530250","270530250"
"55","21865","95-63-6","1,2,4-Trimethylbenzene",0.274537303,0.112813169,"airtoxics",0.00151854464906,0.0192940889217215,"Trimethylbenzene 1,2,4-","270530250","270530250"
"56","21865","E1647635","PM2.5",8.60796460176991,5.37770100894359,"criteria",0.00151854464906,20.2378768436459,"Particulate Matter <2.5","270530250","270530250"
"57","22049","106-99-0","1,3-Butadiene",0.136236172,0.068817275,"airtoxics",0.000948996496563,0.230725679229317,"Butadiene 1,3-","271230868","271230868"
"58","22049","108-05-4","Vinyl Acetate",0.759019323,0.891099583,"airtoxics",0.000948996496563,0.00323081042584719,"Vinyl Acetate","271230868","271230868"
"59","22049","108-88-3","Toluene",1.625024038,1.263962036,"airtoxics",0.000948996496563,17.0772208097782,"Toluene","271230868","271230868"
"60","22049","110-54-3","N-Hexane",0.911526275,1.102301813,"airtoxics",0.000948996496563,5.31359902306724,"NHexane","271230868","271230868"
"61","22049","110-82-7","Cyclohexane",0.250205655,0.294898083,"airtoxics",0.000948996496563,0.0116945229543838,"Cyclohexane","271230868","271230868"
"62","22049","1330-20-7","M/P Xylene",0.773961396,0.606698149,"airtoxics",0.000948996496563,4.90903823509332,"Xylenes (Mixed Isomers)","271230868","271230868"
"63","22049","50-00-0","Formaldehyde",2.203823455,0.804703594,"airtoxics",0.000948996496563,2.59324894504014,"Formaldehyde","271230868","271230868"
"64","22049","56-23-5","Carbon Tetrachloride",0.490485273,0.077930545,"airtoxics",0.000948996496563,0.540826065440282,"Carbon Tetrachloride","271230868","271230868"
"65","22049","67-64-1","Acetone",3.008557925,1.716371023,"airtoxics",0.000948996496563,0.234572476653183,"Acetone","271230868","271230868"
"66","22049","67-66-3","Chloroform",0.228354618,1.032383952,"airtoxics",0.000948996496563,0.224379170256976,"Chloroform (Trichloromethane)","271230868","271230868"
"67","22049","71-43-2","Benzene",0.710497455,0.323336715,"airtoxics",0.000948996496563,1.89697184132932,"Benzene","271230868","271230868"
"68","22049","74-87-3","Chloromethane",1.210707091,0.256045133,"airtoxics",0.000948996496563,1.09130823595668,"Methyl Chloride (Chloromethane)","271230868","271230868"
"69","22049","75-07-0","Acetaldehyde",1.375842321,0.489409741,"airtoxics",0.000948996496563,2.27863412918582,"Acetaldehyde","271230868","271230868"
"70","22049","75-09-2","Dichloromethane",0.356494727,0.18263667,"airtoxics",0.000948996496563,0.131789138514339,"Methylene Chloride","271230868","271230868"
"71","22049","75-15-0","Carbon Disulfide",0.074925759,0.662849159,"airtoxics",0.000948996496563,0.00576164984994836,"Carbon Disulfide","271230868","271230868"
"72","22049","78-93-3","Methyl Ethyl Ketone",0.709915005,0.387084241,"airtoxics",0.000948996496563,0.824636932465555,"Methyl Ethyl Ketone (2-Butanone)","271230868","271230868"
"73","22049","79-01-6","Trichloroethylene",0.158257881,0.117210663,"airtoxics",0.000948996496563,0.473492590876615,"Trichloroethylene","271230868","271230868"
"74","22049","95-63-6","1,2,4-Trimethylbenzene",0.33591262,0.291509791,"airtoxics",0.000948996496563,0.0247126900806949,"Trimethylbenzene 1,2,4-","271230868","271230868"
"75","22049","E1647619","PM10",27.5147670102717,10.3891041348276,"criteria",0.000948996496563,47.527495000325,"PM10","271230868","271230868"
"76","22049","E1647635","PM2.5",9.47884615384615,5.60730579399445,"criteria",0.000948996496563,28.4629680673534,"Particulate Matter <2.5","271230868","271230868"
"77","22225","100-41-4","Ethylbenzene",0.303880864,0.15265637,"airtoxics",0.00128368997429,0.843553514353174,"Ethylbenzene","270530963","270530963"
"78","22225","106-99-0","1,3-Butadiene",0.112619762,0.078245209,"airtoxics",0.00128368997429,0.213888129038443,"Butadiene 1,3-","270530963","270530963"
"79","22225","108-05-4","Vinyl Acetate",0.73396591,0.578246112,"airtoxics",0.00128368997429,0.00332617710148462,"Vinyl Acetate","270530963","270530963"
"80","22225","108-88-3","Toluene",1.320381373,0.861592587,"airtoxics",0.00128368997429,12.9000225201684,"Toluene","270530963","270530963"
"81","22225","110-54-3","N-Hexane",0.654772745,0.624115781,"airtoxics",0.00128368997429,3.77208865898969,"NHexane","270530963","270530963"
"82","22225","110-82-7","Cyclohexane",0.191435217,0.174367975,"airtoxics",0.00128368997429,0.00791222198440278,"Cyclohexane","270530963","270530963"
"83","22225","127-18-4","Tetrachloroethylene",0.27999497,0.187601385,"airtoxics",0.00128368997429,0.138810555351202,"Tetrachloroethylene (Perchloroethylene)","270530963","270530963"
"84","22225","1330-20-7","M/P Xylene",0.722974923,0.441917338,"airtoxics",0.00128368997429,3.88472230733395,"Xylenes (Mixed Isomers)","270530963","270530963"
"85","22225","50-00-0","Formaldehyde",2.06605283,0.799739437,"airtoxics",0.00128368997429,2.38739138338033,"Formaldehyde","270530963","270530963"
"86","22225","56-23-5","Carbon Tetrachloride",0.492229074,0.077899615,"airtoxics",0.00128368997429,0.5406436071314,"Carbon Tetrachloride","270530963","270530963"
"87","22225","67-64-1","Acetone",2.842021765,1.166517443,"airtoxics",0.00128368997429,0.36640799171709,"Acetone","270530963","270530963"
"88","22225","67-66-3","Chloroform",0.203183212,0.533396831,"airtoxics",0.00128368997429,0.252541898741223,"Chloroform (Trichloromethane)","270530963","270530963"
"89","22225","71-43-2","Benzene",0.600540943,0.278889572,"airtoxics",0.00128368997429,1.67108955278822,"Benzene","270530963","270530963"
"90","22225","74-87-3","Chloromethane",0.998379434,0.122350129,"airtoxics",0.00128368997429,1.09076764990856,"Methyl Chloride (Chloromethane)","270530963","270530963"
"91","22225","7439-92-1","Lead",0.004744512,0.002339372,"airtoxics",0.00128368997429,0.00626252252727344,"Lead","270530963","270530963"
"92","22225","7439-96-5","Manganese",0.014400336,0.013488524,"airtoxics",0.00128368997429,0.0235868851567953,"Manganese","270530963","270530963"
"93","22225","7440-39-3","Barium",0.011256428,0.004747997,"airtoxics",0.00128368997429,0.000172112765540078,"Barium","270530963","270530963"
"94","22225","7440-50-8","Copper",0.054685017,0.052321344,"airtoxics",0.00128368997429,0.00317032726310709,"Copper","270530963","270530963"
"95","22225","7440-66-6","Zinc",0.013996986,0.011807095,"airtoxics",0.00128368997429,0.00899107455166491,"Zinc","270530963","270530963"
"96","22225","75-07-0","Acetaldehyde",1.351356296,0.501513141,"airtoxics",0.00128368997429,2.20242219680824,"Acetaldehyde","270530963","270530963"
"97","22225","75-09-2","Dichloromethane",0.455022099,0.523090794,"airtoxics",0.00128368997429,0.113656267392381,"Methylene Chloride","270530963","270530963"
"98","22225","78-93-3","Methyl Ethyl Ketone",0.966416305,0.61871931,"airtoxics",0.00128368997429,0.577373194672992,"Methyl Ethyl Ketone (2-Butanone)","270530963","270530963"
"99","22225","79-01-6","Trichloroethylene",0.139602185,0.13560302,"airtoxics",0.00128368997429,0.156665578380045,"Trichloroethylene","270530963","270530963"
"100","22225","95-63-6","1,2,4-Trimethylbenzene",0.300514329,0.206213596,"airtoxics",0.00128368997429,0.0134331682562935,"Trimethylbenzene 1,2,4-","270530963","270530963"
"101","22225","E1647635","PM2.5",9.76337443512325,5.81597330856409,"criteria",0.00128368997429,25.9328586247067,"Particulate Matter <2.5","270530963","270530963"
"102","22555","630-08-0","CarbonMonoxide",159.674969594314,174.676674519877,"criteria",0.00139637953844,492.628071918848,"Carbon Monoxide","271230861","271230861"
"103","2265","E1647635","PM2.5",6.560452,3.43402145538675,"criteria",0.0156222102997,6.57522708151691,"Particulate Matter <2.5",NA,"271339000"
"104","22796","106-99-0","1,3-Butadiene",0.108009873,0.074719442,"airtoxics",0.00174792979485,0.124258249198546,"Butadiene 1,3-","271230871","271230871"
"105","22796","108-05-4","Vinyl Acetate",0.653519005,0.439152852,"airtoxics",0.00174792979485,0.00274005255782006,"Vinyl Acetate","271230871","271230871"
"106","22796","108-88-3","Toluene",1.066777308,0.777713692,"airtoxics",0.00174792979485,7.9538312083308,"Toluene","271230871","271230871"
"107","22796","110-54-3","N-Hexane",0.827140392,1.648239869,"airtoxics",0.00174792979485,1.9647370914277,"NHexane","271230871","271230871"
"108","22796","110-82-7","Cyclohexane",0.206056227,0.142044049,"airtoxics",0.00174792979485,0.0075123397066717,"Cyclohexane","271230871","271230871"
"109","22796","1330-20-7","M/P Xylene",0.674323211,0.517476987,"airtoxics",0.00174792979485,2.13219714037093,"Xylenes (Mixed Isomers)","271230871","271230871"
"110","22796","50-00-0","Formaldehyde",2.126490179,0.76761586,"airtoxics",0.00174792979485,1.95964307786797,"Formaldehyde","271230871","271230871"
"111","22796","56-23-5","Carbon Tetrachloride",0.495403455,0.081121915,"airtoxics",0.00174792979485,0.540236455513613,"Carbon Tetrachloride","271230871","271230871"
"112","22796","67-64-1","Acetone",2.704243333,1.026921271,"airtoxics",0.00174792979485,0.164736069625205,"Acetone","271230871","271230871"
"113","22796","67-66-3","Chloroform",0.277179819,1.202901304,"airtoxics",0.00174792979485,0.133108522638082,"Chloroform (Trichloromethane)","271230871","271230871"
"114","22796","71-43-2","Benzene",0.562670909,0.25841553,"airtoxics",0.00174792979485,1.00080518977679,"Benzene","271230871","271230871"
"115","22796","74-87-3","Chloromethane",1.018441636,0.171819141,"airtoxics",0.00174792979485,1.09037901849522,"Methyl Chloride (Chloromethane)","271230871","271230871"
"116","22796","7439-92-1","Lead",0.005607523,0.006461827,"airtoxics",0.00174792979485,0.0048585518644948,"Lead","271230871","271230871"
"117","22796","7439-96-5","Manganese",0.017116305,0.018021025,"airtoxics",0.00174792979485,0.00881069183963122,"Manganese","271230871","271230871"
"118","22796","7440-39-3","Barium",0.010549655,0.005635135,"airtoxics",0.00174792979485,0.000547198520507663,"Barium","271230871","271230871"
"119","22796","7440-50-8","Copper",0.074484871,0.057635745,"airtoxics",0.00174792979485,0.000505693972427501,"Copper","271230871","271230871"
"120","22796","7440-66-6","Zinc",0.019742703,0.019927783,"airtoxics",0.00174792979485,0.00463342822460226,"Zinc","271230871","271230871"
"121","22796","75-07-0","Acetaldehyde",1.444634912,0.49351411,"airtoxics",0.00174792979485,1.86674259543501,"Acetaldehyde","271230871","271230871"
"122","22796","75-09-2","Dichloromethane",0.317386727,0.19371815,"airtoxics",0.00174792979485,0.0808449938123879,"Methylene Chloride","271230871","271230871"
"123","22796","75-15-0","Carbon Disulfide",0.054290873,0.045040738,"airtoxics",0.00174792979485,0.00561969462168704,"Carbon Disulfide","271230871","271230871"
"124","22796","78-93-3","Methyl Ethyl Ketone",0.733105593,0.39802453,"airtoxics",0.00174792979485,0.358795723386799,"Methyl Ethyl Ketone (2-Butanone)","271230871","271230871"
"125","22796","79-01-6","Trichloroethylene",0.127772357,0.091292991,"airtoxics",0.00174792979485,0.059331592598757,"Trichloroethylene","271230871","271230871"
"126","22796","95-63-6","1,2,4-Trimethylbenzene",0.2777409,0.299055216,"airtoxics",0.00174792979485,0.0109945867470578,"Trimethylbenzene 1,2,4-","271230871","271230871"
"127","22796","E1647635","PM2.5",9.89683064795615,5.81047829727607,"criteria",0.00174792979485,17.6791219171759,"Particulate Matter <2.5","271230871","271230871"
"128","24379","106-99-0","1,3-Butadiene",0.112655716,0.07747439,"airtoxics",0.000220626120841,0.301595602162641,"Butadiene 1,3-","270530966","270530966"
"129","24379","108-05-4","Vinyl Acetate",0.77872308,0.538210395,"airtoxics",0.000220626120841,0.00411542368286849,"Vinyl Acetate","270530966","270530966"
"130","24379","108-88-3","Toluene",1.215596923,0.744062888,"airtoxics",0.000220626120841,15.9083345005901,"Toluene","270530966","270530966"
"131","24379","110-54-3","N-Hexane",0.583243462,0.471941845,"airtoxics",0.000220626120841,5.40848175992492,"NHexane","270530966","270530966"
"132","24379","110-82-7","Cyclohexane",0.177255334,0.094384122,"airtoxics",0.000220626120841,0.00817199357498401,"Cyclohexane","270530966","270530966"
"133","24379","1330-20-7","M/P Xylene",0.910636333,3.49315821,"airtoxics",0.000220626120841,5.7580234963164,"Xylenes (Mixed Isomers)","270530966","270530966"
"134","24379","50-00-0","Formaldehyde",2.173242589,0.738346104,"airtoxics",0.000220626120841,2.60656355542075,"Formaldehyde","270530966","270530966"
"135","24379","56-23-5","Carbon Tetrachloride",0.489570545,0.068488331,"airtoxics",0.000220626120841,0.540945811280241,"Carbon Tetrachloride","270530966","270530966"
"136","24379","67-64-1","Acetone",2.756496759,1.049577964,"airtoxics",0.000220626120841,0.297818895607039,"Acetone","270530966","270530966"
"137","24379","67-66-3","Chloroform",0.200381602,0.205949194,"airtoxics",0.000220626120841,0.284783336629429,"Chloroform (Trichloromethane)","270530966","270530966"
"138","24379","71-43-2","Benzene",0.593648796,0.238863682,"airtoxics",0.000220626120841,2.30106338564941,"Benzene","270530966","270530966"
"139","24379","74-87-3","Chloromethane",1.019871038,0.104743361,"airtoxics",0.000220626120841,1.09092075725468,"Methyl Chloride (Chloromethane)","270530966","270530966"
"140","24379","7439-92-1","Lead",0.005135177,0.001999591,"airtoxics",0.000220626120841,0.005225720321542,"Lead","270530966","270530966"
"141","24379","7439-96-5","Manganese",0.017020795,0.013094852,"airtoxics",0.000220626120841,0.0345548346525532,"Manganese","270530966","270530966"
"142","24379","7440-39-3","Barium",0.014801984,0.008363162,"airtoxics",0.000220626120841,0.000150122263221419,"Barium","270530966","270530966"
"143","24379","7440-50-8","Copper",0.115456071,0.102725131,"airtoxics",0.000220626120841,0.00250145694894496,"Copper","270530966","270530966"
"144","24379","7440-66-6","Zinc",0.02561667,0.014266558,"airtoxics",0.000220626120841,0.00856586897392932,"Zinc","270530966","270530966"
"145","24379","75-07-0","Acetaldehyde",1.374252544,0.483768955,"airtoxics",0.000220626120841,2.45293107055942,"Acetaldehyde","270530966","270530966"
"146","24379","75-09-2","Dichloromethane",0.416266574,0.489691137,"airtoxics",0.000220626120841,0.12574541135919,"Methylene Chloride","270530966","270530966"
"147","24379","78-93-3","Methyl Ethyl Ketone",0.707105098,0.411376738,"airtoxics",0.000220626120841,0.791084360488194,"Methyl Ethyl Ketone (2-Butanone)","270530966","270530966"
"148","24379","79-01-6","Trichloroethylene",0.149464108,0.125051811,"airtoxics",0.000220626120841,0.137670752908727,"Trichloroethylene","270530966","270530966"
"149","24379","95-63-6","1,2,4-Trimethylbenzene",0.287306158,0.311973361,"airtoxics",0.000220626120841,0.0161119946622575,"Trimethylbenzene 1,2,4-","270530966","270530966"
"150","24379","E1647619","PM10",20.8727272727273,9.81317056298914,"criteria",0.000220626120841,58.7475067125604,"PM10","270530966","270530966"
"151","3567","E1647635","PM2.5",6.8392625,4.43840594199008,"criteria",0.016208209654,7.01042306954302,"Particulate Matter <2.5",NA,"271699000"
"152","36327","630-08-0","CarbonMonoxide",245.97096725304,154.500210483338,"criteria",0.00198350212872,126.400092407281,"Carbon Monoxide","270036010","270036010"
"153","36327","7446-09-5","SulfurDioxide",2.35396244685884,1.81793847270456,"criteria",0.00198350212872,0.599185829138267,"Sulfur Dioxide","270036010","270036010"
"154","36327","E1647619","PM10",18.9547982477109,10.8902481905901,"criteria",0.00198350212872,19.0907937133049,"PM10","270036010","270036010"
"155","36327","E1647635","PM2.5",9.32816347768981,5.65388622725973,"criteria",0.00198350212872,14.5031576258052,"Particulate Matter <2.5","270036010","270036010"
"156","36327","E17134099","NitrogenDioxide",14.9245624671814,11.5275114613557,"criteria",0.00198350212872,29.3321056184404,"NOX","270036010","270036010"
"157","37835","E1647635","PM2.5",10.1725937378596,5.37129317078497,"criteria",0.00267193279805,15.8039987031249,"Particulate Matter <2.5","271713201","271713201"
"158","3961","E1647635","PM2.5",9.98006169801149,5.6741077909959,"criteria",0.00297018158558,14.7233168430053,"Particulate Matter <2.5","271095008","271095008"
"159","40111","7439-92-1","Lead",0.005857791,0.006516138,"airtoxics",0.000552126849376,0.0202582853531217,"Lead","271453053","271453053"
"160","40111","7439-96-5","Manganese",0.031945526,0.029706974,"airtoxics",0.000552126849376,0.0139037099008973,"Manganese","271453053","271453053"
"161","40111","7440-02-0","Nickel",0.020867002,0.036792246,"airtoxics",0.000552126849376,0.00300800527137293,"Nickel","271453053","271453053"
"162","40111","7440-47-3","Chromium",0.022939671,0.031624157,"airtoxics",0.000552126849376,0.00279897221696236,"Chromium","271453053","271453053"
"163","40111","7440-48-4","Cobalt",0.001873979,0.000604042,"airtoxics",0.000552126849376,0.000114565725156628,"Cobalt","271453053","271453053"
"164","40111","7440-50-8","Copper",0.048166579,0.039570352,"airtoxics",0.000552126849376,0.000430300480420354,"Copper","271453053","271453053"
"165","40111","7440-66-6","Zinc",0.040010584,0.060206295,"airtoxics",0.000552126849376,0.000150429838681678,"Zinc","271453053","271453053"
"166","44712","E1647635","PM2.5",7.00700691464543,4.66082891537049,"criteria",0.00687734548393,7.26336928502949,"Particulate Matter <2.5","270353204","270353204"
"167","46446","7439-92-1","Lead",0.004639362,0.001447711,"airtoxics",0.00169905992531,0.000288768095614955,"Lead","271377555","271377555"
"168","46446","7439-96-5","Manganese",0.01763582,0.014826244,"airtoxics",0.00169905992531,0.000586128987667679,"Manganese","271377555","271377555"
"169","46446","7440-39-3","Barium",0.012140627,0.006332817,"airtoxics",0.00169905992531,0.0000127757198242762,"Barium","271377555","271377555"
"170","46446","7440-50-8","Copper",0.209000893,0.216519961,"airtoxics",0.00169905992531,0.0000243575937479558,"Copper","271377555","271377555"
"171","46446","7440-66-6","Zinc",0.014270733,0.01483841,"airtoxics",0.00169905992531,0.000327021292694564,"Zinc","271377555","271377555"
"172","46615","E1647619","PM10",26.3947368421053,13.5398673375627,"criteria",0.00147224578655,326.278573829196,"PM10","271377545","271377545"
"173","47004","E1647635","PM2.5",5.49090909090909,4.20721955853008,"criteria",0.00281547207262,8.22719679636152,"Particulate Matter <2.5","271377550","271377550"
"174","47493","E1647635","PM2.5",6.25623066732558,3.55287107827188,"criteria",0.00754879958844,8.36387796507257,"Particulate Matter <2.5","270052013","270052013"
"175","49037","108-05-4","Vinyl Acetate",0.690410526,0.55760475,"airtoxics",0.0131306846451,0.0000356699747028986,"Vinyl Acetate","270213401","270213401"
"176","49037","108-88-3","Toluene",0.29814769,0.347302791,"airtoxics",0.0131306846451,0.190396366294673,"Toluene","270213401","270213401"
"177","49037","110-54-3","N-Hexane",0.169644208,0.269832939,"airtoxics",0.0131306846451,0.12089088956197,"NHexane","270213401","270213401"
"178","49037","50-00-0","Formaldehyde",1.054247551,0.493589408,"airtoxics",0.0131306846451,1.02200332529199,"Formaldehyde","270213401","270213401"
"179","49037","56-23-5","Carbon Tetrachloride",0.500753617,0.099850026,"airtoxics",0.0131306846451,0.540001138083902,"Carbon Tetrachloride","270213401","270213401"
"180","49037","67-64-1","Acetone",1.997898444,0.932458921,"airtoxics",0.0131306846451,0.000160731297042974,"Acetone","270213401","270213401"
"181","49037","71-43-2","Benzene",0.278910217,0.100081488,"airtoxics",0.0131306846451,0.188491557978977,"Benzene","270213401","270213401"
"182","49037","74-87-3","Chloromethane",1.033546383,0.175922487,"airtoxics",0.0131306846451,1.10993571958158,"Methyl Chloride (Chloromethane)","270213401","270213401"
"183","49037","7439-96-5","Manganese",0.007846902,0.007479827,"airtoxics",0.0131306846451,0.0000176252822269513,"Manganese","270213401","270213401"
"184","49037","7440-50-8","Copper",0.037929715,0.035251158,"airtoxics",0.0131306846451,0.00000216088853820308,"Copper","270213401","270213401"
"185","49037","75-07-0","Acetaldehyde",0.6482742,0.265252119,"airtoxics",0.0131306846451,0.893255937369698,"Acetaldehyde","270213401","270213401"
"186","49037","75-09-2","Dichloromethane",0.209493043,0.070801332,"airtoxics",0.0131306846451,0.0000707208570673856,"Methylene Chloride","270213401","270213401"
"187","49037","75-15-0","Carbon Disulfide",0.080440638,0.106965559,"airtoxics",0.0131306846451,0.00546417898170591,"Carbon Disulfide","270213401","270213401"
"188","49037","78-93-3","Methyl Ethyl Ketone",0.508778079,0.361875891,"airtoxics",0.0131306846451,0.000324976050461781,"Methyl Ethyl Ketone (2-Butanone)","270213401","270213401"
"189","49037","E1647635","PM2.5",4.86621621621622,2.63623400511596,"criteria",0.0131306846451,4.02378364402503,"Particulate Matter <2.5","270213401","270213401"
"190","54701","E1647635","PM2.5",5.97519457582051,5.66341982401419,"criteria",0.0180336673666,3.49550853742691,"Particulate Matter <2.5","270757001","270757001"
"191","57269","E1647635","PM2.5",3.67677787610619,2.53638875592891,"criteria",0.00987843812021,3.55697232342743,"Particulate Matter <2.5",NA,"271370034"
"192","59481","106-99-0","1,3-Butadiene",0.061225358,0.023896034,"airtoxics",0.00187305698057,0.0784958846440031,"Butadiene 1,3-","270370420","270370420"
"193","59481","108-05-4","Vinyl Acetate",0.707906682,0.358285689,"airtoxics",0.00187305698057,0.00298387183568459,"Vinyl Acetate","270370420","270370420"
"194","59481","108-88-3","Toluene",1.0704062,0.408708762,"airtoxics",0.00187305698057,2.29755864547646,"Toluene","270370420","270370420"
"195","59481","110-54-3","N-Hexane",0.836371837,0.491988653,"airtoxics",0.00187305698057,1.14467653297286,"NHexane","270370420","270370420"
"196","59481","110-82-7","Cyclohexane",0.165525078,0.11541653,"airtoxics",0.00187305698057,0.0466224701880576,"Cyclohexane","270370420","270370420"
"197","59481","50-00-0","Formaldehyde",1.876522778,0.669156646,"airtoxics",0.00187305698057,1.52804109830109,"Formaldehyde","270370420","270370420"
"198","59481","56-23-5","Carbon Tetrachloride",0.492345185,0.080587029,"airtoxics",0.00187305698057,0.540121634587394,"Carbon Tetrachloride","270370420","270370420"
"199","59481","630-08-0","CarbonMonoxide",90.0832112330441,155.954866994439,"criteria",0.00187305698057,73.4026734121195,"Carbon Monoxide","270370420","270370420"
"200","59481","67-64-1","Acetone",2.555320784,0.923002086,"airtoxics",0.00187305698057,0.124049681570749,"Acetone","270370420","270370420"
"201","59481","67-66-3","Chloroform",0.179629515,0.367307097,"airtoxics",0.00187305698057,0.0234790419715624,"Chloroform (Trichloromethane)","270370420","270370420"
"202","59481","71-43-2","Benzene",0.50325283,0.213845427,"airtoxics",0.00187305698057,0.596735149001457,"Benzene","270370420","270370420"
"203","59481","74-87-3","Chloromethane",1.085849615,0.284921967,"airtoxics",0.00187305698057,1.10971197311717,"Methyl Chloride (Chloromethane)","270370420","270370420"
"204","59481","7439-92-1","Lead",0.006816983,0.019265877,"airtoxics",0.00187305698057,0.00397164962246643,"Lead","270370420","270370420"
"205","59481","7439-96-5","Manganese",0.017586899,0.018667948,"airtoxics",0.00187305698057,0.00495665294122743,"Manganese","270370420","270370420"
"206","59481","7440-39-3","Barium",0.010610646,0.002737239,"airtoxics",0.00187305698057,0.000169453229773353,"Barium","270370420","270370420"
"207","59481","7440-50-8","Copper",0.104145592,0.160683166,"airtoxics",0.00187305698057,0.00202560669591649,"Copper","270370420","270370420"
"208","59481","7440-66-6","Zinc",0.028377126,0.031135495,"airtoxics",0.00187305698057,0.0265399994067044,"Zinc","270370420","270370420"
"209","59481","7446-09-5","SulfurDioxide",2.13461354113663,2.57224645438631,"criteria",0.00187305698057,4.42800092742956,"Sulfur Dioxide","270370420","270370420"
"210","59481","75-07-0","Acetaldehyde",1.143996727,0.399919477,"airtoxics",0.00187305698057,1.46876354020384,"Acetaldehyde","270370420","270370420"
"211","59481","75-09-2","Dichloromethane",0.320241346,0.081911253,"airtoxics",0.00187305698057,0.0529552918486456,"Methylene Chloride","270370420","270370420"
"212","59481","75-15-0","Carbon Disulfide",1.814084815,1.749706929,"airtoxics",0.00187305698057,0.0191166927548636,"Carbon Disulfide","270370420","270370420"
"213","59481","78-93-3","Methyl Ethyl Ketone",0.660617711,0.394484646,"airtoxics",0.00187305698057,0.119594398170098,"Methyl Ethyl Ketone (2-Butanone)","270370420","270370420"
"214","59481","E17134099","NitrogenDioxide",16.8805013752388,9.86619715331459,"criteria",0.00187305698057,25.2534158848085,"NOX","270370420","270370420"
"215","6","7439-92-1","Lead",0.017511636,0.034799652,"airtoxics",0.000480022629674,0.0804185565321218,"Lead","270036020","270036020"
"216","6","7439-96-5","Manganese",0.017298966,0.013858477,"airtoxics",0.000480022629674,0.0155685796983628,"Manganese","270036020","270036020"
"217","6","7440-39-3","Barium",0.013844831,0.012019921,"airtoxics",0.000480022629674,0.000115217483198649,"Barium","270036020","270036020"
"218","6","7440-50-8","Copper",0.071977659,0.064152595,"airtoxics",0.000480022629674,0.000755803841859247,"Copper","270036020","270036020"
"219","6","7440-66-6","Zinc",0.015396685,0.01173908,"airtoxics",0.000480022629674,0.00213080927181614,"Zinc","270036020","270036020"
"220","61695","E1647635","PM2.5",8.88056065853758,5.40016825964734,"criteria",0.00548689259777,18.3879946304675,"Particulate Matter <2.5","271453052","271453052"
"221","63385","630-08-0","CarbonMonoxide",237.963568076951,236.324203311225,"criteria",0.00199849368558,200.775090830193,"Carbon Monoxide","271377526","271377526"
"222","63552","E1647619","PM10",47.3770491803279,59.3394652077986,"criteria",0.013042569284,20.4164623641209,"PM10","270757634","270757634"
"223","63552","E1647619","PM10",10.6229508196721,8.07911697820628,"criteria",0.00318775031791,20.4164623641209,"PM10","270757632","270757632"
"224","64369","E1647619","PM10",14.2542372881356,10.971111313808,"criteria",0.0019837242761,73.8996614614621,"PM10","270758002","270758002"
"225","9389","106-99-0","1,3-Butadiene",0.07377338,0.036138982,"airtoxics",0.00175216327921,0.0766603479958825,"Butadiene 1,3-","270370470","270370470"
"226","9389","108-05-4","Vinyl Acetate",0.634148715,0.481065977,"airtoxics",0.00175216327921,0.00157273066509482,"Vinyl Acetate","270370470","270370470"
"227","9389","108-88-3","Toluene",0.756449608,0.62279945,"airtoxics",0.00175216327921,4.80928305328315,"Toluene","270370470","270370470"
"228","9389","110-54-3","N-Hexane",0.48855362,0.587044534,"airtoxics",0.00175216327921,1.40933533269719,"NHexane","270370470","270370470"
"229","9389","110-82-7","Cyclohexane",0.156258732,0.097604103,"airtoxics",0.00175216327921,0.00569888535383253,"Cyclohexane","270370470","270370470"
"230","9389","50-00-0","Formaldehyde",1.784687273,0.748608971,"airtoxics",0.00175216327921,1.59739149694342,"Formaldehyde","270370470","270370470"
"231","9389","56-23-5","Carbon Tetrachloride",0.492927593,0.070217197,"airtoxics",0.00175216327921,0.540191752859616,"Carbon Tetrachloride","270370470","270370470"
"232","9389","67-64-1","Acetone",2.433129434,0.804498692,"airtoxics",0.00175216327921,0.170080370429972,"Acetone","270370470","270370470"
"233","9389","67-66-3","Chloroform",0.194394812,0.467937247,"airtoxics",0.00175216327921,0.0809945178720224,"Chloroform (Trichloromethane)","270370470","270370470"
"234","9389","71-43-2","Benzene",0.473877963,0.204730461,"airtoxics",0.00175216327921,0.646195477516777,"Benzene","270370470","270370470"
"235","9389","74-87-3","Chloromethane",1.007118077,0.111856466,"airtoxics",0.00175216327921,1.09107892193285,"Methyl Chloride (Chloromethane)","270370470","270370470"
"236","9389","7439-96-5","Manganese",0.01371167,0.013883079,"airtoxics",0.00175216327921,0.00647758560507803,"Manganese","270370470","270370470"
"237","9389","7440-39-3","Barium",0.009770973,0.006243268,"airtoxics",0.00175216327921,0.0000618836240846576,"Barium","270370470","270370470"
"238","9389","7440-50-8","Copper",0.018268753,0.022480587,"airtoxics",0.00175216327921,0.000432368328934845,"Copper","270370470","270370470"
"239","9389","7440-66-6","Zinc",0.010064332,0.009556261,"airtoxics",0.00175216327921,0.00176821363709104,"Zinc","270370470","270370470"
"240","9389","75-07-0","Acetaldehyde",1.138254,0.393846939,"airtoxics",0.00175216327921,1.61541054360838,"Acetaldehyde","270370470","270370470"
"241","9389","75-09-2","Dichloromethane",0.271783019,0.102297476,"airtoxics",0.00175216327921,0.0510945123012068,"Methylene Chloride","270370470","270370470"
"242","9389","75-15-0","Carbon Disulfide",0.063472295,0.152865269,"airtoxics",0.00175216327921,0.00615830915934742,"Carbon Disulfide","270370470","270370470"
"243","9389","78-93-3","Methyl Ethyl Ketone",0.773346992,0.419853903,"airtoxics",0.00175216327921,0.217378302031086,"Methyl Ethyl Ketone (2-Butanone)","270370470","270370470"
"244","9389","E1647635","PM2.5",9.10034352595595,5.24703700152812,"criteria",0.00175216327921,13.9408607101445,"Particulate Matter <2.5","270370470","270370470"
"245","9538","106-99-0","1,3-Butadiene",0.062782134,0.011978287,"airtoxics",0.0109988408471,0.0299561311831265,"Butadiene 1,3-","270370442","270370442"
"246","9538","108-05-4","Vinyl Acetate",0.537357926,0.264200321,"airtoxics",0.0109988408471,0.00251741031756147,"Vinyl Acetate","270370442","270370442"
"247","9538","108-88-3","Toluene",0.507178483,0.392784514,"airtoxics",0.0109988408471,1.35457879032965,"Toluene","270370442","270370442"
"248","9538","110-54-3","N-Hexane",0.303331713,0.275508775,"airtoxics",0.0109988408471,0.581444326670992,"NHexane","270370442","270370442"
"249","9538","110-82-7","Cyclohexane",0.097397112,0.098380073,"airtoxics",0.0109988408471,0.00777976354114976,"Cyclohexane","270370442","270370442"
"250","9538","50-00-0","Formaldehyde",1.8273325,2.31799125,"airtoxics",0.0109988408471,1.30858499529021,"Formaldehyde","270370442","270370442"
"251","9538","56-23-5","Carbon Tetrachloride",0.49118,0.075956691,"airtoxics",0.0109988408471,0.540115919302659,"Carbon Tetrachloride","270370442","270370442"
"252","9538","67-64-1","Acetone",2.40202,1.080439242,"airtoxics",0.0109988408471,0.102453724891718,"Acetone","270370442","270370442"
"253","9538","67-66-3","Chloroform",0.171699106,0.533554952,"airtoxics",0.0109988408471,0.0182082639932282,"Chloroform (Trichloromethane)","270370442","270370442"
"254","9538","71-43-2","Benzene",0.397534909,0.148975333,"airtoxics",0.0109988408471,0.342750820822776,"Benzene","270370442","270370442"
"255","9538","74-87-3","Chloromethane",1.091872778,0.190701207,"airtoxics",0.0109988408471,1.09421088575894,"Methyl Chloride (Chloromethane)","270370442","270370442"
"256","9538","7446-09-5","SulfurDioxide",0.0627196779146114,0.21573472757422,"criteria",0.0109988408471,2.31941513389808,"Sulfur Dioxide","270370442","270370442"
"257","9538","75-07-0","Acetaldehyde",1.355564561,0.658507265,"airtoxics",0.0109988408471,1.59209059988974,"Acetaldehyde","270370442","270370442"
"258","9538","75-09-2","Dichloromethane",0.247625,0.082987743,"airtoxics",0.0109988408471,0.0258784121958024,"Methylene Chloride","270370442","270370442"
"259","9538","75-15-0","Carbon Disulfide",0.049486645,0.025559437,"airtoxics",0.0109988408471,0.00678764860891505,"Carbon Disulfide","270370442","270370442"
"260","9538","78-93-3","Methyl Ethyl Ketone",0.718762652,0.35213825,"airtoxics",0.0109988408471,0.0918608086359549,"Methyl Ethyl Ketone (2-Butanone)","270370442","270370442"
"261","9818","106-99-0","1,3-Butadiene",0.05824249,0.030057566,"airtoxics",0.000453016586015,0.0382490310407965,"Butadiene 1,3-","270370423","270370423"
"262","9818","108-05-4","Vinyl Acetate",0.61304858,0.394164055,"airtoxics",0.000453016586015,0.00277060131787792,"Vinyl Acetate","270370423","270370423"
"263","9818","108-88-3","Toluene",0.497735388,0.315162418,"airtoxics",0.000453016586015,2.20868471259373,"Toluene","270370423","270370423"
"264","9818","110-54-3","N-Hexane",0.351473579,0.300433929,"airtoxics",0.000453016586015,0.995415378144551,"NHexane","270370423","270370423"
"265","9818","110-82-7","Cyclohexane",0.113894143,0.060508807,"airtoxics",0.000453016586015,0.0133418013316934,"Cyclohexane","270370423","270370423"
"266","9818","50-00-0","Formaldehyde",1.821123571,0.67881099,"airtoxics",0.000453016586015,1.33618621202422,"Formaldehyde","270370423","270370423"
"267","9818","56-23-5","Carbon Tetrachloride",0.495401961,0.081074741,"airtoxics",0.000453016586015,0.540190826915001,"Carbon Tetrachloride","270370423","270370423"
"268","9818","630-08-0","CarbonMonoxide",7.32311744180681,23.8013830885895,"criteria",0.000453016586015,55.2153646267998,"Carbon Monoxide","270370423","270370423"
"269","9818","67-64-1","Acetone",2.370502642,0.917426997,"airtoxics",0.000453016586015,0.130468973383694,"Acetone","270370423","270370423"
"270","9818","67-66-3","Chloroform",0.173185136,0.24350006,"airtoxics",0.000453016586015,0.0328380485352046,"Chloroform (Trichloromethane)","270370423","270370423"
"271","9818","71-43-2","Benzene",0.371125849,0.145842453,"airtoxics",0.000453016586015,0.341383751675389,"Benzene","270370423","270370423"
"272","9818","74-87-3","Chloromethane",1.226551765,0.220553179,"airtoxics",0.000453016586015,1.09881857318355,"Methyl Chloride (Chloromethane)","270370423","270370423"
"273","9818","7446-09-5","SulfurDioxide",0.807104238928773,1.15473021914294,"criteria",0.000453016586015,3.51572444645616,"Sulfur Dioxide","270370423","270370423"
"274","9818","75-07-0","Acetaldehyde",1.133640702,0.43027107,"airtoxics",0.000453016586015,1.45189078900435,"Acetaldehyde","270370423","270370423"
"275","9818","75-09-2","Dichloromethane",0.272949236,0.082597955,"airtoxics",0.000453016586015,0.0923914295545298,"Methylene Chloride","270370423","270370423"
"276","9818","75-15-0","Carbon Disulfide",0.053170556,0.027153322,"airtoxics",0.000453016586015,0.0120383554530279,"Carbon Disulfide","270370423","270370423"
"277","9818","78-93-3","Methyl Ethyl Ketone",0.762879548,0.398616471,"airtoxics",0.000453016586015,0.168441065702277,"Methyl Ethyl Ketone (2-Butanone)","270370423","270370423"
"278","9818","E17134099","NitrogenDioxide",8.56727543342326,6.1979172415926,"criteria",0.000453016586015,18.8081553003771,"NOX","270370423","270370423"
