"COPC Name","CAS #","MW [g/mole]","Tm [K]","Vp [atm]","S [mg/L]","H [atm*m^3/mol]","Da [cm^2/s]","Dw [cm^2/s]","Kow","Koc [mL/g]","Kds [cm^3/g]","Kdsw [L/kg]","Kdbs [cm^3/g]","Ksg [1/year]","Fv","RCF","Br root veg","Br leafy veg","Br forage","Bv leafy veg","Bv forage","Ba milk [day/kg FW]","Ba beef [day/kg FW]","Ba pork [day/kg FW]","BCF egg","BCF chicken","BCF Fish [L/kg FW tissue]","BAF fish [L/kg FW]","BSAF fish","RfD [mg/kg/day]","RfD Information Source","Oral CSF [mg/kg/day]-1","CSF Information Source","RFC [mg/m^3]","Inhalation URF [1/(µg/m^3)]","Inhalation CSF [1/(mg/kg/day/)]","Chemical type","Chemical Subtype","Br Grain","Ba egg","Ba chicken","Inhalation RFD","TEF","FACTIVE"
"Acenaphthene","83-32-9",154,366,3.29e-06,3.6,0.00016,0.001,1e-05,7940,4900,3.9,"368","196",2.48,1,234,0.213,0.216,0.216,4.97,4.97,0.00512,0.0243,0.0294,0.0732,NA,201,201,NA,0.06,"IRIS",NA,NA,NA,NA,NA,"O","PAH",0.216,0.0102,0.0179,NA,NA,TRUE
"Acenaphthylene","208-96-8",152.19,364.9,8.75e-06,3.9,0.000111,0.044,7.5e-06,8709,2760,3.9,"207","110.4",4.22,1,32.6,0.0218,0.27,0.27,125000,125000,0.00512,0.0243,0.0294,0.0732,NA,549,549,NA,NA,NA,NA,NA,NA,NA,NA,"O","PAH",0.216,0.0102,0.0179,NA,NA,TRUE
"Acetaldehyde","75-07-0",44.1,150,1.19,1e+06,7.89e-05,0.124,1.41e-05,0.603,0.61,0.006,"0.05","0.02",NA,1,6.46,1060,8.38,8.38,0.000413,0.000413,6.34e-06,3.01e-05,3.64e-05,4.78e-06,NA,3.16,NA,NA,NA,NA,NA,NA,0.009,2.2e-06,NA,"O",NA,8.38,1.27e-05,2.22e-05,NA,NA,TRUE
"Acetamide","60-35-5",59.1,354,0.00132,2250000,3.45e-08,0.125,1.45e-05,0.055,0.0578,0.000578,"0.00433","0.00231",8.43,1,6.39,11100,207,207,0.0736,0.0736,1.91e-06,9.07e-06,1.1e-05,NA,NA,3.16,NA,NA,NA,NA,0.07,"Cal EPA",NA,2e-05,NA,"O",NA,207,3.82e-06,6.68e-06,NA,NA,TRUE
"Acetone","67-64-1",58.1,178,0.303,1e+06,3.9e-05,0.124,1.14e-05,0.575,0.58,0.087,"0.04","0.02",36.1,1,6.46,74.2,8.38,8.38,0.000796,0.000796,6.02e-06,2.86e-05,3.46e-05,4.77e-06,NA,3.16,NA,NA,0.9,"IRIS",NA,NA,NA,NA,NA,"O",NA,8.38,1.2e-05,2.11e-05,NA,NA,TRUE
"Acetonitrile","75-05-8",41.1,228,0.12,74000,3.46e-05,0.128,1.66e-05,0.457,0.46,0.005,"0.03","0.02",9.03,1,6.43,1390,8.38,8.38,0.000702,0.000702,4.64e-06,2.21e-05,2.67e-05,3.63e-06,NA,3.16,NA,NA,0.006,"old EPA",NA,NA,0.06,NA,NA,"O",NA,8.38,9.29e-06,1.63e-05,NA,NA,TRUE
"Acetophenone","98-86-2",120,293,0.000522,6130,1.07e-05,0.06,8.73e-06,38,35.8,0.36,"2.68","1.43",NA,1,10.1,28.3,4.73,4.73,0.252,0.252,0.000306,0.00145,0.00176,0.000347,NA,0.475,NA,NA,0.1,"IRIS",NA,NA,NA,NA,NA,"O",NA,4.73,0.000612,0.00107,NA,NA,TRUE
"Acrolein","107-02-8",56.1,185,0.355,210000,0.00012,0.105,1.22e-05,0.977,0.98,0.15,"0.07","0.04",9.03,1,6.54,43.6,8.38,8.38,0.000455,0.000455,1.07e-05,5.11e-05,6.18e-05,7.78e-06,NA,3.16,NA,NA,5e-04,"IRIS",NA,NA,4e-04,NA,NA,"O",NA,8.38,2.15e-05,3.76e-05,NA,NA,TRUE
"Acrylamide","79-06-1",71.1,358,9.21e-06,640000,1.02e-09,0.111,1.28e-05,0.214,0.22,0.0022,"0.0165","0.00879",8.43,1,6.39,2910,94.5,94.5,10.6,10.6,1.91e-06,9.07e-06,1.1e-05,NA,NA,3.16,NA,NA,0.002,"IRIS",0.5,"IRIS",0.006,1e-04,NA,"O",NA,94.5,3.82e-06,6.68e-06,NA,NA,TRUE
"Acrylic Acid","79-10-7",72.1,287,0.00523,1e+06,3.76e-07,0.11,1.27e-05,2.24,2.21,0.0221,"0.166","0.0884",14.9,1,6.74,305,24.3,24.3,0.35,0.35,2.54e-05,0.000121,0.000146,NA,NA,3.16,NA,NA,0.5,"IRIS",NA,NA,0.001,NA,NA,"O",NA,24.3,5.08e-05,8.88e-05,NA,NA,TRUE
"Acrylonitrile","107-13-1",53.1,190,0.143,74000,0.000103,0.122,1.34e-05,1.78,1.76,0.02,"0.13","0.07",11,1,6.67,379,8.38,8.38,0.001,0.001,2.01e-05,9.55e-05,0.000116,1.41e-05,NA,3.16,NA,NA,0.04,"ATSDR Final",0.54,"IRIS",0.002,6.8e-05,NA,"O",NA,8.38,4.02e-05,7.04e-05,NA,NA,TRUE
"Aldehydes, Unspeciated","E761379",30,181,6.89,550000,3.36e-07,0.178,1.98e-05,2.24,2.21,0.02,"0.17","0.09",36.1,1,6.74,305,8.38,8.38,0.392,0.392,2.54e-05,0.000121,0.000146,1.75e-05,NA,3.16,NA,NA,0.2,"IRIS (formaldehyde)",NA,NA,0.009,5e-06,NA,"O",NA,8.38,5.08e-05,8.88e-05,NA,NA,TRUE
"Allyl Chloride","107-05-1",76.53,139,0.482,2968,0.011,0.0936,1.08e-05,85.11,39.6,NA,"2.97","1.584",18,1,1.2,5.6,5.6,5.6,0.018,0.018,6.72e-07,2.13e-06,NA,NA,NA,3.66,NA,NA,NA,"Pennsylvania Remediation, recommend removal.",0.021,"Cal EPA",0.001,6e-06,NA,"O",NA,NA,NA,NA,NA,NA,TRUE
"Aminobiphenyl 4-","92-67-1",169.23,327,1.24e-06,223.9,1.46e-07,0.0621,7.26e-06,724,306,NA,"22.935","12.232",NA,1,NA,NA,NA,NA,0.845,0.845,5.72e-06,1.81e-05,NA,NA,NA,35.8,NA,NA,NA,NA,21,"Cal EPA",NA,0.006,NA,"O",NA,NA,NA,NA,NA,NA,NA
"Ammonia","7664-41-7",17,196,8.5,480000,0.000301,0.287,3.33e-05,1.7,1.69,0.0169,"0.126","0.0674",253,1,0.35,20.7,28.5,28.5,0.000327,0.000327,1.92e-05,9.12e-05,0.00011,NA,NA,0.3,NA,NA,NA,NA,NA,NA,0.08,NA,NA,"O",NA,28.5,3.84e-05,6.72e-05,NA,NA,TRUE
"Aniline","62-53-3",93.6,267,0.000645,36000,1.9e-06,0.07,8.3e-06,7.94,7.67,1.2,"0.58","0.31",NA,1,7.45,6.21,8.38,8.38,0.267,0.267,8.41e-05,4e-04,0.000484,7.59e-05,NA,3.16,NA,NA,0.007,"PPRTV",0.0057,"IRIS",0.001,1.6e-06,NA,"O",NA,8.38,0.000168,0.000294,NA,NA,TRUE
"Anisidine,O-","90-04-0",123.16,280,0.00022,9598,9.26e-07,0.0652,8.91e-06,14,45.9,NA,"3.444","1.8368",NA,1,NA,NA,NA,NA,7.96,7.96,1.27e-07,3.78e-07,NA,NA,NA,2.79,NA,NA,NA,NA,0.14,"Cal EPA",NA,NA,NA,NA,NA,NA,NA,NA,NA,NA,NA
"Anthracene","120-12-7",178,493,3.55e-09,0.043,6.5e-05,0.001,1e-05,31600,23500,4500,"1760","940",0.55,0.998,678,0.151,0.0971,0.0971,53.3,53.3,0.00712,0.0338,0.0409,0.235,NA,582,1030,NA,0.3,"IRIS",NA,NA,NA,0.00072,NA,"O","PAH",0.0971,0.0142,0.0249,NA,NA,TRUE
"Antimony","7440-36-0",125,903,0,23000,0.025,0.0772,9.57e-06,5.37,NA,45,"45","45",NA,0,NA,0.03,0.0319,0.2,NA,NA,1e-04,0.001,NA,NA,NA,40,NA,NA,4e-04,"IRIS",NA,NA,2e-04,NA,NA,"I","Metal",0.03,NA,NA,NA,NA,TRUE
"Arsenic","7440-38-2",78,1090,0,34700,0.77,0.0772,9.57e-06,4.79,NA,29,"29","29",NA,0,NA,0.008,0.00633,0.036,NA,NA,6e-05,0.002,NA,NA,NA,114,NA,NA,3e-04,"IRIS",1.5,"IRIS",1.5e-05,0.0043,NA,"I","Metal",0.004,NA,NA,NA,NA,TRUE
"Barium","7440-39-3",137.33,984,2.5e-40,54700,0.0245,NA,NA,1.7,13.2,41,NA,NA,NA,1,NA,NA,NA,NA,0.15,0.15,0.00035,0.00015,NA,NA,NA,0.9608,0.9608,NA,0.2,"IRIS",NA,NA,NA,NA,NA,"I","Metal",NA,NA,NA,NA,NA,NA
"Benzene","71-43-2",78.1,279,0.125,1800,0.0056,0.088,1.02e-05,126,61.7,0.12,"4.63","2.47",15.8,1,9.62,80.1,2.37,2.37,0.00172,0.00172,0.000712,0.00338,0.00409,0.00109,NA,8.26,NA,NA,0.004,"IRIS",0.055,"IRIS",0.03,7.8e-06,NA,"O",NA,2.37,0.00142,0.00249,NA,NA,TRUE
"Benzidine","92-87-5",184.24,394,7.86e-06,3765,5.78e-11,0.0351,7.48e-06,22,1190,NA,"89.25","47.6",NA,1,NA,NA,NA,NA,6.43,6.43,1.73e-07,5.47e-07,NA,NA,NA,3.56,NA,NA,0.003,"IRIS",230,"IRIS",NA,NA,NA,NA,NA,NA,NA,NA,NA,NA,NA
"Benzo(a)Anthracene","56-55-3",228,357,1.45e-10,0.0094,3.4e-06,0.051,9e-06,501000,358000,60000,"26900","14300",0.37,0.483,5690,0.0948,0.0197,0.0197,19300,19300,0.00841,0.0399,0.0483,3.79,NA,4890,49900,NA,NA,NA,0.34,"MDH",NA,0.00036,NA,"O","PAH",0.0197,0.0168,0.0294,NA,NA,TRUE
"Benzo(a)Fluoranthene","203-33-8",252,441,1.06e-10,0.002,8.1e-07,0.0228,5.49e-06,1290000,6e+05,8360,"62700","33400",0.415,0.9412,13900,1.66,0.0101,0.0101,36500,36500,0.0127,0.04,0.0484,12.7,NA,9930,9950,NA,NA,NA,0.28,"MDH",NA,0.00054,NA,"O","PAH",0.0115,0.0154,0.0269,NA,NA,TRUE
"Benzo(a)Pyrene","50-32-8",252,453,7.24e-12,0.0016,1.1e-06,0.043,9e-06,1e+06,969000,160000,"72700","38800",0.48,0.294,9680,0.0605,0.0132,0.0132,125000,125000,0.00791,0.0376,0.0455,10.7,NA,961.6,1165,NA,3e-04,"IRIS",1.7,"MDH",NA,0.0018,NA,"O","PAH",0.0132,0.0158,0.0277,NA,NA,TRUE
"Benzo[c]Phenanthrene","195-19-7",228,409,2e-12,0.02635,5e-06,NA,NA,330000,180000,8360,"62700","33400",0.415,0.608,13900,1.66,0.0101,0.0101,36500,36500,0.0127,0.04,0.0484,12.7,NA,1364,1993,NA,NA,NA,NA,NA,NA,NA,NA,NA,NA,NA,NA,NA,NA,NA,NA
"Benzo(b)Fluoranthene","205-99-2",252,441,6.58e-10,0.0015,0.000111,0.001,1e-05,1330000,1050000,10500,"78600","41900",0.41,0.966,12100,1.15,0.0112,0.0112,1680,1680,0.00762,0.0362,0.0438,12.7,NA,10400,206000,NA,NA,NA,1.4,"MDH",NA,0.0014,NA,"O","PAH",0.0112,0.0152,0.0267,NA,NA,TRUE
"Benzo(E)Pyrene","192-97-2",252,451,2.54e-11,0.00564,8.1e-07,0.043,9e-06,2800000,599000,160000,"44925","23960",0.48,0.294,9680,0.0605,0.0132,0.0132,125000,125000,0.00791,0.0376,0.0455,10.7,NA,8320,133000,NA,NA,NA,NA,NA,NA,NA,NA,"O","PAH",0.0132,0.0158,0.0277,NA,NA,TRUE
"Benzo(G,H,I)Fluoranthene","203-12-3",226.28,427,1.85e-11,0.00581,8.15e-07,0.0243,7.78e-06,1280000,796000,10500,"5.97E+04","3.18E+04",0.12,0.376,12100,1.15,0.0112,0.0112,106000,106000,0.00894,0.0344,0.0438,12.7,NA,7460,177000,NA,NA,NA,NA,NA,NA,NA,NA,"O","PAH",0.0115,0.0154,0.0269,NA,NA,TRUE
"Benzo(G,H,I)Perylene","191-24-2",276.33,551,1.31e-13,0.00026,2.66e-07,0.0448,5.23e-06,4270000,1950000,160000,"146250","78000",0.48,0.294,9680,0.0605,0.0132,0.0132,0.0055,0.0055,0.0337,0.101,0.0455,10.7,NA,11000,133000,NA,NA,NA,0.015,"MDH",NA,1.6e-05,NA,"O","PAH",0.0132,0.0158,0.0277,NA,NA,TRUE
"Benzo(B+K)Fluoranthene","E17133943",252,441,1.06e-10,0.00433,6.18e-06,0.0228,5.49e-06,1590000,836000,8360,"62700","33400",0.415,0.822,13900,1.66,0.0101,0.0101,36500,36500,0.0127,0.04,0.0484,12.7,NA,9930,9950,NA,NA,NA,0.28,"MDH",NA,0.00054,NA,"O","PAH",0.0115,0.0154,0.0269,NA,NA,TRUE
"Benzo(J)Fluoranthene","205-82-3",252.32,443,3.43e-11,0.01081,8e-07,0.0476,5.56e-06,1290000,599000,190000,"44925","23960",0.12,0.478,12100,1.15,0.0112,0.0112,0.011,0.011,0.0102,0.0322,0.0438,12.7,NA,4990,177000,NA,NA,NA,0.5,"MDH",NA,0.00054,NA,"O","PAH",0.0115,0.0154,0.0269,NA,NA,TRUE
"Benzo(k)Fluoranthene","207-08-9",252,493,2.63e-12,8e-04,8.3e-07,0.001,1e-05,1260000,992000,190000,"74400","39700",0.12,0.273,11600,0.0609,0.0115,0.0115,211000,211000,0.00768,0.0365,0.0442,12.6,NA,9930,177000,NA,NA,NA,0.051,"MDH",NA,5.4e-05,NA,"O","PAH",0.0115,0.0154,0.0269,NA,NA,TRUE
"Benzofluoranthenes, Unspeciated","56832-73-6",252,441,1.06e-10,0.00433,6.18e-06,0.0228,5.49e-06,1590000,836000,8360,"62700","33400",0.415,0.822,13900,1.66,0.0101,0.0101,36500,36500,0.0127,0.04,0.0484,12.7,NA,9930,9950,NA,NA,NA,0.28,"MDH",NA,0.00054,NA,"O","PAH",0.0115,0.0154,0.0269,NA,NA,TRUE
"Benzyl chloride","100-44-7",127,234,0.00172,525,0.000415,0.075,7.8e-06,200,182,1.82,"13.7","7.3",20.9,1,13.7,7.51,1.81,1.81,0.0379,0.0379,0.000954,0.00453,0.00548,1.83e-05,NA,11.8,NA,NA,0.002,"PPRTV",0.17,"IRIS",0.001,4.9e-05,NA,"O",NA,1.81,0.00191,0.00334,NA,NA,TRUE
"Beryllium","7440-41-7",9.01,1570,0,149000,0.015,0.0772,9.57e-06,0.269,NA,790,"790","790",NA,0,NA,0.0015,0.00258,0.01,NA,NA,9e-07,0.001,NA,NA,NA,62,NA,NA,0.002,"IRIS",NA,"HEAST, eliminate",2e-05,0.0024,NA,"I","Metal",0.0015,NA,NA,NA,NA,TRUE
"Biphenyl","92-52-4",154,342,1.18e-05,6.94,0.000262,0.0661,7.65e-06,9550,8180,81.8,"613","327",36.1,1,270,3.3,0.194,0.194,3.69,3.69,0.0054,0.0257,0.0311,NA,NA,232,NA,NA,0.5,"IRIS",0.008,"IRIS",NA,NA,NA,"O",NA,0.194,0.0108,0.0189,NA,NA,TRUE
"Bis(2-chlorethyl)ether","111-44-4",143.013,226.35,0.00204,17200,1.8e-05,0.0413,9.49e-06,19.498446,75.9,0.76,"5.69","3.04",1.41,1,8.6,11.3,6.96,6.96,0.0734,0.0734,0.000180973,0.000859622,0.001040595,0.000158866,NA,1.96,NA,NA,NA,NA,1.1,"IRIS",NA,0.00033,NA,"O",NA,6.96,0.000361946,0.000633406,NA,NA,TRUE
"Bromoform (Tribromomethane)","75-25-2",253,281,0.00725,3100,6.5,0.0149,1.03e-05,234,126,1.26,"9.45","5.04",1.41,1,15.5,12.3,1.65,1.65,2.87e-06,2.87e-06,0.00105,0.005,0.00605,0.00178,NA,13.3,NA,NA,0.02,"IRIS",0.00793,"IRIS",NA,1.1e-06,NA,"O",NA,1.65,0.0021,0.00368,NA,NA,TRUE
"Butadiene 1,3-","106-99-0",54.1,164,2.78,735,0.204,0.133,1.54e-05,97.7,45.1,0.451,"3.38","1.8",8.43,1,14.2,31.5,2.74,2.74,3.6e-05,3.6e-05,0.000602,0.00286,0.00346,NA,NA,6.8,NA,NA,NA,NA,3.4,"Cal EPA",0.002,5.88e-05,NA,"O",NA,2.74,0.0012,0.00211,NA,NA,TRUE
"Butyl Carbitol Acetate","124-17-4",204.27,298,4.65e-05,2343,9.9e-08,NA,NA,20,12.27,NA,"0.92025","0.4908",NA,1,NA,NA,NA,NA,NA,NA,NA,NA,NA,NA,NA,2,NA,NA,NA,NA,NA,NA,NA,NA,NA,"O",NA,NA,NA,NA,NA,NA,TRUE
"Butyl Cellosolve","111-76-2",118.18,196,0.00105,NA,NA,NA,NA,NA,NA,NA,NA,NA,NA,1,NA,NA,NA,NA,NA,NA,NA,NA,NA,NA,NA,NA,NA,NA,NA,NA,NA,NA,NA,NA,NA,NA,NA,NA,NA,NA,NA,NA,NA
"Butylbenzylphthalate","85-68-7",312,238,1.09e-08,2.7,1.3e-06,0.001,1e-05,79400,13700,8700,"1030","548",36.1,0.948,1380,0.158,0.057,0.057,7110,7110,0.00809,0.0384,0.0465,0.206,NA,1180,3290,NA,0.2,"IRIS",0.0019,"PPRTV",NA,NA,NA,"O","PH",0.057,0.0162,0.0283,NA,NA,TRUE
"Cadmium","7440-43-9",112.4,593.15,5.45e-12,123000,0.031,0.0772,9.57e-06,0.851138038,NA,75,"75","75",2.53e-06,0.009,NA,0.064,0.125,0.364,NA,NA,6.5e-06,0.00012,0.000191489,0.0025,NA,907,NA,NA,0.001,"IRIS",NA,NA,2e-05,0.0018,NA,"I","Metal",0.062,0.0025,0.10625,NA,NA,TRUE
"Carbitol Acetate","112-15-2",176.21,275.9,0.000186,30900,NA,0.057,7.98e-06,2.089,4.54,NA,"0.3405","0.1816",NA,1,NA,NA,NA,NA,17.5,17.5,3.07e-08,9.73e-08,NA,NA,NA,3.16,NA,NA,NA,NA,NA,NA,NA,NA,NA,"O",NA,NA,NA,NA,NA,NA,TRUE
"Carbon Disulfide","75-15-0",76.1,153,0.474,1200,0.03,0.104,1e-05,158,66.2,0.091,"4.96","2.65",NA,1,11.5,126,2.07,2.07,0.00041,0.00041,0.000826,0.00392,0.00475,0.000794,NA,9.86,NA,NA,0.1,"IRIS",NA,NA,0.7,NA,NA,"O",NA,2.07,0.00165,0.00289,NA,NA,TRUE
"Carbon Monoxide","630-08-0",28.01,134,11.43,49700,0.000563,0.173,1.79e-05,2.5,2.22,NA,"0.1665","0.0888",NA,1,NA,NA,NA,NA,22.6,22.6,1.98e-08,6.28e-08,NA,NA,NA,3.16,NA,NA,NA,NA,NA,NA,NA,NA,NA,"O",NA,NA,NA,NA,NA,NA,TRUE
"Carbon Monoxide_2013_point","630-08-0-2013",28.01,134,11.43,49700,0.000563,0.173,1.79e-05,2.5,2.22,NA,"0.1665","0.0888",NA,1,NA,NA,NA,NA,22.6,22.6,1.98e-08,6.28e-08,NA,NA,NA,3.16,NA,NA,NA,NA,NA,NA,NA,NA,NA,"O",NA,NA,NA,NA,NA,NA,TRUE
"Carbon Tetrachloride","56-23-5",154,250,0.158,790,0.03,0.078,8.8e-06,631,152,0.35,"11.4","6.08",0.7,1,33.3,95.1,0.932,0.932,0.00179,0.00179,0.00183,0.00868,0.0105,0.00414,NA,28.6,NA,NA,0.004,"IRIS",0.07,"IRIS",0.1,6e-06,NA,"O",NA,0.932,0.00366,0.0064,NA,NA,TRUE
"Carbonyl Sulfide","463-58-1",60.07,171.29,10.79,1e+06,0.0492,NA,NA,0.0468,0.9123,NA,"0.0684225","0.036492",NA,1,NA,NA,NA,NA,NA,NA,NA,NA,NA,NA,NA,NA,NA,NA,NA,NA,NA,NA,NA,NA,NA,"O",NA,NA,NA,NA,NA,NA,TRUE
"Catechol","120-80-9",110,378,3.95e-05,461000,9.43e-09,0.0827,9.58e-06,7.59,7.33,0.0733,"0.55","0.293",36.1,1,7.41,101,12,12,51.3,51.3,8.07e-05,0.000383,0.000464,NA,NA,3.16,NA,NA,NA,NA,NA,"cannot find this value, eliminate",NA,NA,NA,"O",NA,12,0.000161,0.000283,NA,NA,TRUE
"Cellosolve","110-80-5",90.1,203,0.00699,1e+06,6.3e-07,0.0945,1.09e-05,0.479,0.485,0.00485,"0.0364","0.0194",8.43,1,6.44,1330,59.3,59.3,0.0405,0.0405,4.89e-06,2.32e-05,2.81e-05,NA,NA,3.16,NA,NA,0.09,"PPRTV",NA,NA,0.2,NA,NA,"O",NA,59.3,9.78e-06,1.71e-05,NA,NA,TRUE
"Chlorine","7782-50-5",70.9,172,7.7,6300,0.0117,0.001,1e-05,7.08,13.22,NA,"0.9915","0.5288",NA,1,7.36,NA,8.38,8.38,NA,NA,7.59e-05,0.00036,0.000436,NA,NA,3.16,NA,NA,0.1,"IRIS",NA,NA,2e-04,NA,NA,"I",NA,8.38,0.000152,0.000266,NA,NA,TRUE
"Chloroacetophenone 2-","532-27-4",155,330,7.11e-06,1640,6.7e-07,0.066,7.64e-06,85.1,79,0.79,"5.92","3.16",3.37,1,13.4,17,2.97,2.97,9.48,9.48,0.000548,0.0026,0.00315,NA,NA,6.11,NA,NA,NA,NA,NA,NA,3e-05,NA,NA,"O",NA,2.97,0.0011,0.00192,NA,NA,TRUE
"Chlorobenzene","108-90-7",113,228,0.0158,470,0.0037,0.073,8.7e-06,631,224,0.44,"16.8","8.96",1.69,1,33.3,75.6,0.932,0.932,0.0145,0.0145,0.00183,0.00868,0.0105,0.00489,NA,28.6,NA,NA,0.02,"IRIS",NA,NA,1,NA,NA,"O",NA,0.932,0.00366,0.0064,NA,NA,TRUE
"Chloroethane","75-00-3",64.5,133,1.32,5700,0.0088,0.271,1.15e-05,25.1,15.4,0.032,"1.15","0.62",9.03,1,9.09,284,6.01,6.01,0.000197,0.000197,0.000222,0.00105,0.00128,0.01,NA,2.39,NA,NA,NA,NA,NA,NA,10,NA,NA,"O",NA,6.01,0.000444,0.000776,NA,NA,TRUE
"Chloroform (Trichloromethane)","67-66-3",119,209,0.263,7900,0.0037,0.104,1e-05,100,52.5,0.08,"3.94","2.1",1.41,1,8.05,101,2.7,2.7,0.00204,0.00204,0.000611,0.0029,0.00351,0.000707,NA,6.92,NA,NA,0.01,"IRIS",0.032,"Cal EPA",0.3,2.3e-05,NA,"O",NA,2.7,0.00122,0.00214,NA,NA,TRUE
"Chloronaphthalene,2-","91-58-7",163,333,1.05e-05,11.7,0.000314,0.001,1e-05,2400,2100,21,"158","84.1",5.27,1,93,4.42,0.431,0.431,0.708,0.708,0.00337,0.016,0.0194,0.0933,NA,79.9,69.3,NA,0.08,"IRIS",NA,NA,NA,NA,NA,"O","PAH",0.431,0.00674,0.0118,NA,NA,TRUE
"Chloroprene","126-99-8",88.5,143,0.284,875,0.0288,0.0956,1.11e-05,339,121,1.21,"9.06","4.83",8.43,1,20.6,17.1,1.34,1.34,0.000962,0.000962,0.0013,0.0062,0.0075,NA,NA,17.7,NA,NA,NA,"HEAST, eliminate",NA,NA,0.02,3e-04,NA,"O",NA,1.34,0.00261,0.00457,NA,NA,TRUE
"Chromium (III)","16065-83-1",52,2170,0,NA,0,0.136,1.58e-05,0,NA,19,"19","19",2.53e-06,0,NA,0.0045,0.00488,0.0075,NA,NA,0.0015,0.0055,NA,NA,NA,3,NA,NA,1.5,"IRIS",NA,NA,NA,NA,NA,"I","Metal",0.0075,NA,NA,NA,NA,TRUE
"Chromium, Hexavalent","18540-29-9",52,2170,0,NA,0,0.136,0,1,NA,19,"19","19",2.53e-06,0,NA,0.0045,0.00488,0.0075,NA,NA,0.0015,0.0055,NA,NA,NA,3.16,NA,NA,0.003,"IRIS",0.5,"NJEPA",8e-06,0.012,NA,"I","Metal",0.0045,NA,NA,NA,NA,TRUE
"Chrysene","218-01-9",228,533,8.16e-12,0.0063,9.5e-05,0.001,1e-05,501000,401000,60000,"30100","16000",0.25,0.744,5690,0.0948,0.0197,0.0197,692,692,0.00841,0.0399,0.0483,4.36,NA,4890,49900,NA,NA,NA,0.17,"MDH",NA,0.00018,NA,"O","PAH",0.0197,0.0168,0.0294,NA,NA,TRUE
"Methylchrysenes","41637-90-5",242.32,422.4,7.14e-10,0.0133,5.53e-06,0.0489,5.66e-06,1170000,290000,9270,"69500","37100",2.11,0.848,11000,1.18,0.012,0.012,125000,125000,0.00775,0.0368,0.0446,4.36,NA,764.6,1002,NA,NA,NA,1.7,"MDH",NA,0.0018,NA,"O","PAH",0.012,0.0155,0.0271,NA,NA,TRUE
"Cobalt","7440-48-4",58.9,1770,5.5e-12,87500,0,0.126,0,1.7,13.2,NA,"0.99","0.528",2.53e-06,0,NA,0.007,NA,0.02,0.02,0.02,NA,0.02,NA,NA,NA,0.981,0.981,NA,3e-04,"PPRTV",NA,NA,6e-06,0.009,NA,"I","Metal",NA,NA,NA,NA,NA,TRUE
"Copper","7440-50-8",64,1370,0,10000,0,0.119,0,0.269,13.2,NA,"0.99","0.528",2.53e-06,0,NA,NA,NA,NA,NA,NA,NA,NA,NA,NA,NA,NA,NA,NA,NA,"HEAST, eliminate",NA,NA,NA,NA,NA,"I","Metal",NA,NA,NA,NA,NA,TRUE
"Cresol Mixed Isomers","1319-77-3",109,294,0.000224,9070,2.69e-06,0.0832,9.63e-06,89.1,82.6,0.826,"6.2","3.31",8.43,1,13.7,16.6,2.89,2.89,2.48,2.48,0.000565,0.00268,0.00325,NA,NA,6.33,NA,NA,NA,"HEAST, eliminate",NA,NA,0.6,NA,NA,"O",NA,2.89,0.00113,0.00198,NA,NA,TRUE
"Cumene (Isopropylbenzene)","98-82-8",120,177,0.00592,61,1.2,0.065,7.1e-06,5010,1020,600,"76.5","40.8",31.6,1,164,0.273,0.281,0.281,0.000406,0.000406,0.00442,0.021,0.0254,0.0326,NA,141,NA,NA,0.1,"IRIS",NA,NA,0.4,NA,NA,"O",NA,0.281,0.00885,0.0155,NA,NA,TRUE
"Cyanide","57-12-5",26.02,NA,0.408,95400,0.024,0.001,1e-05,0.204173794,0.34,9.9,"0.03","0.014",NA,1,6.39,0.646,8.38,8.38,4.29e-07,4.29e-07,1.91e-06,9.07e-06,1.1e-05,NA,NA,3.16,NA,NA,6e-04,"IRIS",NA,NA,0.003,NA,NA,"O",NA,8.38,3.82e-06,6.68e-06,NA,NA,TRUE
"Cyclohexane","110-82-7",84.16,191.28,0.123,43.02,0.255,0.08,9.11e-06,1513.6,146,NA,"10.935","5.832",NA,1,NA,NA,NA,NA,0.389,0.389,2.18e-05,6.89e-05,NA,NA,NA,0.83,NA,NA,NA,NA,NA,NA,NA,NA,NA,NA,NA,NA,NA,NA,NA,NA,NA
"Decachlorobiphenyl (PCB, 209)","2051-24-3",498.66,473.37,1.34e-13,6.32e-05,2e-06,NA,NA,1.86e+08,440000,NA,"33000","17600",NA,0.9874,NA,NA,NA,NA,NA,NA,NA,NA,NA,NA,NA,NA,NA,NA,NA,NA,NA,NA,NA,NA,NA,NA,"PCB",NA,NA,NA,NA,NA,NA
"Dibenzo(a,h)Anthracene","53-70-3",278,543,1.32e-13,0.0025,1.5e-08,0.001,1e-05,3160000,1790000,580000,"134000","71600",0.27,0.055,23500,0.0405,0.00678,0.00678,31200000,31200000,0.00652,0.031,0.0375,28,NA,20200,497000,NA,NA,NA,17,"MDH",NA,0.018,NA,"O","PAH",0.00678,0.013,0.0228,NA,NA,TRUE
"Dibenzo(AE)Pyrene","192-65-4",302.38,489.15,9.3e-14,0.00024,1.4e-08,0.0422,4.93e-06,19054607.18,4910000,49100,"368250","196400",0.48,0.012,93682.10653,1.907985876,0.002399717,0.002399717,226192136.6,226192136.6,0.00384431,0.018260472,0.022104782,3.79,NA,26693.16064,133000,NA,NA,NA,0.68,"MDH",NA,0.00072,NA,NA,"PAH",0.0132,0.0158,0.0277,NA,NA,TRUE
"Dibenzo(AH)Acridine","226-36-8",279.34,469,1.04e-12,0.016,427000,0.0445,5.2e-06,537000,1910000,939,"143250","76400",0.48,0.122,5394.5677,5.745013525,0.020452199,0.020452199,0.0183,0.00366,0.00424,0.0134,0.0455,10.7,NA,107,133000,NA,NA,NA,NA,NA,NA,0.00018,NA,"O","PAH",0.0132,0.0158,0.0277,NA,NA,NA
"Dibenzo(AH)Pyrene","189-64-0",302.38,489.15,8.44e-15,0.000554,1.41e-08,0.0422,4.93e-06,19054607.18,2080000,20800,"156000","83200",0.48,0.0011,93682.10653,4.503947429,0.002399717,0.002399717,224587937,224587937,0.00384431,0.018260472,0.022104782,10.7,NA,26693.16064,133000,NA,NA,NA,1.5,"MDH",NA,0.0016,NA,NA,"PAH",0.0132,0.0158,0.0277,NA,NA,TRUE
"Dibenzo(AI)Pyrene","189-55-9",302.38,489.15,8.4e-15,0.000554,1.41e-08,0.0422,4.93e-06,19054607.18,2080000,20800,"156000","83200",0.48,0.0011,93682.10653,4.503947429,0.002399717,0.002399717,224587937,224587937,0.00384431,0.018260472,0.022104782,10.7,NA,26693.16064,133000,NA,NA,NA,1,"MDH",NA,0.054,NA,NA,"PAH",0.0132,0.0158,0.0277,NA,NA,TRUE
"Dibenzo(AJ)Acridine","224-42-0",279.34,468.15,1e-12,0.016,1.9e-09,0.0445,5.2e-06,467735.1413,93900,939,"7042.5","3756",0.48,0.0748,5394.5677,5.745013525,0.020452199,0.020452199,32151551.69,32151551.69,0.008437599,0.040078596,0.048516195,10.7,NA,4633.402194,133000,NA,NA,NA,0.17,"MDH",NA,0.00018,NA,"O","PAH",0.0132,0.0158,0.0277,NA,NA,TRUE
"Dibenzo(AL)Pyrene","191-30-0",302.28,498.15,9.3e-14,0.00024,1.41e-08,0.0422,4.93e-06,19054607.18,4910000,49100,"368250","196400",0.48,0.012,93682.10653,1.907985876,0.002399717,0.002399717,224587937,224587937,0.00384431,0.018260472,0.022104782,10.7,NA,26693.16064,133000,NA,NA,NA,51,"MDH",NA,0.054,NA,NA,"PAH",0.0132,0.0158,0.0277,NA,NA,TRUE
"Dibenzo(CG)Carbazole","194-59-2",267.33,470.51,4.45e-12,0.005027,8.24e-10,0.0458,5.35e-06,380000,358000,160000,"26850","14320",0.48,0.935,9680,0.0605,0.0132,0.0132,0.00747,0.00747,0.0198,0.0628,0.0455,10.7,NA,7760,133000,NA,NA,NA,NA,NA,NA,0.0018,NA,"O","PAH",0.0132,0.0158,0.0277,NA,NA,NA
"Dibenzofuran","132-64-9",168.19,359.5,3.26e-06,3.1,0.000177,0.0624,7.22e-06,13182.56739,11226.38676,112.2638676,"841.9790073","449.0554705",NA,0.999817518,345.5068386,3.077631707,0.160931107,0.160931107,7.718794202,7.718794202,0.00589,0.028,0.0339,NA,NA,296.7563359,471.9316307,NA,0.001,"PPRTV",NA,NA,NA,NA,NA,"O","F",0.160931107,0.0118,0.0206,NA,NA,TRUE
"Dibutyl Phthalate","84-74-2",278.35,280,2.62e-08,2.351,1.22e-06,0.0214,5.33e-06,40700,1920,NA,"143.925","76.76",NA,0.9611,NA,NA,NA,NA,0.0945,0.0945,0.00025,0.000791,NA,NA,NA,167,NA,NA,0.1,"IRIS",NA,NA,NA,NA,NA,NA,"PH",NA,NA,NA,NA,NA,NA
"Dichlorobenzenes","25321-22-6",147,326,0.00194,80,0.00355,0.0682,7.9e-06,1910,1680,16.8,"126","67.1",3.37,1,77.9,4.65,0.492,0.492,0.049,0.049,0.00307,0.0146,0.0176,NA,NA,66.9,NA,NA,0.07,"ATSDR Final (1,4 dichlorobenzene)",0.0054,"Cal EPA( 1,4 dichlorobenzene)",0.8,1.1e-05,NA,"O",NA,0.492,0.00613,0.0107,NA,NA,TRUE
"Dichlorobiphenyl 4,4'-","2050-68-2",223.1,355.47,5.62e-08,1.132,0.000227,0.0254,6.56e-06,112000,13200,NA,NA,NA,NA,1,NA,NA,NA,NA,0.0193,0.0193,0.00387,0.0122,NA,NA,NA,8140,70900,NA,NA,NA,0.07,"surrogate (PCBs)",NA,2e-05,NA,NA,"PCB",NA,NA,NA,NA,NA,NA
"Dichloroethane 1,1-","75-34-3",99,176,0.303,5100,0.0056,0.0742,1.05e-05,63.1,53.4,0.06,"4.01","2.14",1.64,1,12,189,3.53,3.53,0.000825,0.000825,0.000444,0.00211,0.00255,0.000493,NA,4.85,NA,NA,0.2,"PPRTV",0.0057,"Cal EPA",NA,1.6e-06,NA,"O",NA,3.53,0.000888,0.00155,NA,NA,TRUE
"Dichloroethane, 1,2- (Ethylene Dichloride)","107-06-2",99,237,0.104,8500,0.00098,0.104,9.9e-06,31.6,38,0.035,"2.85","1.52",1.41,1,9.63,275,5.26,5.26,0.00226,0.00226,0.000266,0.00126,0.00153,0.00023,NA,2.85,NA,NA,0.006,"PPRTV",0.091,"IRIS",0.4,2.6e-05,NA,"O",NA,5.26,0.000531,0.00093,NA,NA,TRUE
"Dichloroethylene 1,1-","75-35-4",99,153,0.789,2300,0.026,0.09,1.04e-05,126,65,0.12,"4.88","2.6",1.41,1,9.62,80.1,2.37,2.37,0.000371,0.000371,0.000712,0.00338,0.00409,0.00105,NA,8.26,NA,NA,0.05,"IRIS",NA,NA,0.2,NA,NA,"O",NA,2.37,0.00142,0.00249,NA,NA,TRUE
"Dichloroethylene, cis-1,2-","156-59-2",96.94,193.15,0.263,3500,0.0041,0.001,1e-05,79.43282347,38.28,0.071,"2.87","1.53",NA,1,13.1,184,3.09,3.09,0.00144,0.00144,0.000521999,0.002479497,0.003001496,0.000762555,NA,5.79,NA,NA,0.002,"IRIS",NA,NA,NA,NA,NA,"O",NA,3.09,0.001043999,0.001826998,NA,NA,TRUE
"Dichlorophenoxyacetic acid 2,4- (2,4-D)","94-75-7",221,414,1.09e-07,677,3.56e-08,0.052,6.02e-06,646,579,5.79,"43.4","23.2",5.06,0.995,33.9,5.85,0.92,0.92,1540,1540,NA,NA,NA,NA,NA,NA,NA,NA,0.01,"IRIS",NA,NA,NA,NA,NA,"O","Ionizing",NA,NA,NA,NA,NA,TRUE
"Dichloropropane, 1,2-","78-87-5",113,203,0.0684,2800,0.0028,0.0782,8.73e-06,100,47,0.09,"3.53","1.88",0.2,1,8.05,92.6,2.7,2.7,0.00269,0.00269,0.000611,0.0029,0.00351,0.00141,NA,6.92,NA,NA,0.09,"ATSDR Final",0.036,"Cal EPA",0.004,NA,NA,"O",NA,2.7,0.00122,0.00214,NA,NA,TRUE
"Dichloropropene,13C","10061-01-5",111,225,0.0447,2800,0.018,0.0626,1e-05,39.8,27.1,0.091,"2.03","1.08",22.4,1,10.3,113,4.61,4.6,0.000157,0.000157,0.000317,0.0015,0.00182,0.000445,NA,3.4,NA,NA,0.03,"IRIS",0.1,"IRIS",0.02,4e-06,NA,"O",NA,4.6,0.000633,0.00111,NA,NA,TRUE
"Dichloropropene, 1,3-","542-75-6",111,225,0.0447,2800,0.018,0.0626,1e-05,39.8,27.1,0.091,"2.03","1.08",22.4,1,10.3,113,4.61,4.6,0.000157,0.000157,0.000317,0.0015,0.00182,0.000445,NA,3.4,NA,NA,0.03,"IRIS",0.1,"IRIS",0.02,4e-06,NA,"O",NA,4.6,0.000633,0.00111,NA,NA,TRUE
"Diethanolamine","111-42-2",105,301,3.68e-07,1e+06,3.87e-11,0.0853,9.88e-06,0.0372,0.0393,0.000393,"0.00295","0.00157",14.9,0.998,6.39,16300,260,260,43.3,43.3,1.91e-06,9.07e-06,1.1e-05,NA,NA,3.16,NA,NA,0.02,"PPRTV",NA,NA,0.003,NA,NA,"O",NA,260,3.82e-06,6.68e-06,NA,NA,TRUE
"Diethyl Sulfate","64-67-5",154.185,249.15,0.000278992,7000,6.15e-06,0.0661,7.65e-06,13.80384265,13.2099143,0.132099143,"0.990743573","0.528396572",505.89,0.999997867,8.060993983,61.0223034,8.493369141,8.493369141,0.148925718,0.148925718,0.000136,0.000645,0.000781,NA,NA,1.505913408,NA,NA,NA,NA,1.2,"Estimated for a TRI Document in 1997",NA,NA,NA,"O",NA,8.493369141,0.000272,0.000476,NA,NA,TRUE
"Diethylene Glycol Butyl Ether","112-34-5",162,205,2.88e-05,1e+06,4.67e-09,0.0639,7.4e-06,3.63,3.55,0.0355,"0.267","0.142",14.9,1,6.94,195,18.4,18.4,47.2,47.2,4.08e-05,0.000194,0.000234,NA,NA,3.16,NA,NA,0.03,"PPRTV",NA,NA,1e-04,NA,NA,"O",NA,18.4,8.15e-05,0.000143,NA,NA,TRUE
"Diethylene Glycol Dimethyl Ether","111-96-6",134.18,235.04,0.0039,180000,2.08e-07,NA,NA,0.331,1.933,NA,"0.144975","0.07732",NA,1,NA,NA,NA,NA,NA,NA,NA,NA,NA,NA,NA,0.9203,0.9203,NA,NA,NA,NA,NA,NA,NA,NA,NA,NA,NA,NA,NA,NA,NA,NA
"Di(Ethylene Glycol Monobutyl Ether) Phthalate","16672-39-2",366.46,365.28,2.84e-06,1.65,2.96e-10,NA,NA,11500,766,NA,"57.4425","30.636",NA,1,NA,NA,NA,NA,NA,NA,NA,NA,NA,NA,NA,19.7,19.7,NA,NA,NA,NA,NA,NA,NA,NA,NA,NA,NA,NA,NA,NA,NA,NA
"Diethylene Glycol Monoethyl Ether","111-90-0",134.18,270.95,0.000123,828000,8.63e-10,0.0562,7.97e-06,0.204,1,NA,"0.075","0.04",NA,1,NA,NA,NA,NA,79.2,79.2,2.28e-09,7.21e-09,NA,NA,NA,0.9051,0.9051,NA,NA,NA,NA,NA,NA,NA,NA,NA,NA,NA,NA,NA,NA,NA,NA
"Diethylene Glycol Monomethyl Ether","111-77-3",120.15,259.4,0.000147,1e+06,NA,NA,NA,0.0661,1,NA,"0.075","0.04",NA,1,NA,NA,NA,NA,NA,NA,NA,NA,NA,NA,NA,0.8951,0.8951,NA,NA,NA,NA,NA,NA,NA,NA,NA,NA,NA,NA,NA,NA,NA,NA
"Difluoroethane 1,1- (HFC-152a)","75-37-6",66.05,115.89,5.06,5660,0.387,0.102,1.15e-05,13.5,31.8,NA,"2.3865","1.2728",NA,1,NA,NA,NA,NA,14.1,14.1,4.44e-08,1.41e-07,NA,NA,NA,1.396,1.396,NA,40,"IRIS",NA,NA,NA,NA,NA,NA,"HFC",NA,NA,NA,NA,NA,NA
"Difluoromethane (HFC-32)","75-10-5",52.02,114.36,9.94,16600,0.292,NA,NA,5.13,21.7,NA,"1.62975","0.8692",NA,1,NA,NA,NA,NA,NA,NA,NA,NA,NA,NA,NA,1.026,1.026,NA,NA,NA,NA,NA,NA,NA,NA,NA,"HFC",NA,NA,NA,NA,NA,NA
"Dimethoxyethane 1,2-","110-71-4",90.12,191.69,0.104,188000,1.34e-05,NA,NA,0.617,2.38,NA,"0.1782","0.09504",NA,1,NA,NA,NA,NA,NA,NA,NA,NA,NA,NA,NA,0.9355,0.9355,NA,NA,NA,NA,NA,NA,NA,NA,NA,NA,NA,NA,NA,NA,NA,NA
"Dimethyl Carbamoyl Chloride N,N-","79-44-7",107.54,258.13,0.00236,459000,7.23e-07,0.0773,1.01e-05,0.191,1,NA,"0.075","0.04",NA,1,NA,NA,NA,NA,101,101,1.51e-09,4.76e-09,NA,NA,NA,0.9038,0.9038,NA,NA,NA,NA,NA,NA,NA,NA,NA,NA,NA,NA,NA,NA,NA,NA
"Dimethyl Phthalate","131-11-3",194,274,2.17e-06,4000,1.05e-07,0.0568,6.29e-06,36.3,34.2,0.34,"2.56","1.37",36.1,1,10,29.3,4.86,4.86,24.4,24.4,0.000295,0.0014,0.0017,0.000342,NA,3.17,NA,NA,NA,"HEAST, eliminate",NA,NA,NA,NA,NA,"O","PH",4.86,0.000591,0.00103,NA,NA,TRUE
"Dimethyl Sulfate","77-78-1",126.13,289.12,0.000817,69400,2.6e-06,0.0692,9.9e-06,1.45,8.491,NA,"0.636825","0.33964",NA,1,NA,NA,NA,NA,NA,NA,1.14e-07,3.61e-07,NA,NA,NA,0.9941,0.9941,NA,NA,NA,NA,NA,NA,NA,NA,"O",NA,NA,NA,NA,NA,NA,TRUE
"Dimethylaminoazobenzene","60-11-7",225.3,351.01,4.87e-08,1.46,2.34e-07,0.0513,6e-06,19500,2030,NA,"152.1","81.12",NA,0.326,NA,NA,NA,NA,0.0849,0.0849,3e-04,0.00095,NA,NA,NA,334.5,335,NA,NA,NA,NA,NA,NA,NA,NA,NA,NA,NA,NA,NA,NA,NA,NA
"Dimethylanil","121-69-7",121,276,0.000921,1450,7.7e-05,0.0776,8.98e-06,204,187,1.87,"14","7.47",36.1,1,14,7.48,1.79,1.79,0.21,0.21,0.000967,0.00459,0.00556,NA,NA,12,NA,NA,0.002,"IRIS",NA,NA,NA,NA,NA,"O",NA,1.79,0.00193,0.00338,NA,NA,TRUE
"Dimethylformamide N,N","68-12-2",73.1,213,0.00509,1e+06,3.72e-07,0.109,1.26e-05,0.0977,0.102,0.00102,"0.00763","0.00407",8.43,1,6.39,6280,149,149,0.0126,0.0126,1.91e-06,9.07e-06,1.1e-05,NA,NA,3.16,NA,NA,0.1,"PPRTV",NA,NA,0.03,NA,NA,"O",NA,149,3.82e-06,6.68e-06,NA,NA,TRUE
"Dimethylbenzidine, 3,3'-","119-93-7",244.32,410.65,2.79e-10,60,1.81e-13,0.001,1e-05,64.5654229,60.19,0.6,"4.51","2.4",1.41,0.859,12.1,20,3.48,3.48,26144296,26144296,0.000451259,0.002143481,0.002594741,0.000512898,NA,4.94,NA,NA,NA,NA,11,"PPRTV",NA,4e-05,NA,"O",NA,3.48,0.000902518,0.001579407,NA,NA,TRUE
"Dimethoxybenzidine, 3,3'-","119-90-4",244.3,435.6,9.2e-09,723.9,1.81e-13,0.0486,5.68e-06,120,509,NA,NA,NA,NA,0.99153,NA,NA,NA,NA,3.43,3.43,0.51,1.61e-06,NA,NA,NA,6.458,6.458,NA,NA,NA,1.6,"PPRTV",NA,NA,NA,NA,NA,NA,NA,NA,NA,NA,NA
"Dinitrophenol, 2,4-","51-28-5",184,386,6.71e-06,2790,4.43e-07,0.0273,9.06e-06,34.7,0.01,1e-04,"0.0008","0.0004",0.96,1,9.87,98700,4.99,4.99,5.51,5.51,1.17e-05,5.56e-05,6.74e-05,0.000262,NA,3.06,NA,NA,0.002,"IRIS",NA,NA,NA,NA,NA,"O","Ionizing",4.99,2.34e-05,4.1e-05,NA,NA,TRUE
"Dinitrotoluene, 2,4-","121-14-2",182,342,1.93e-07,270,9.26e-08,0.203,7.06e-06,95.5,88.4,0.88,"6.63","3.54",1.41,0.999,14.1,15.9,2.78,2.78,77.5,77.5,0.000592,0.00281,0.00341,0.000786,NA,6.68,NA,NA,0.002,"IRIS",0.31,"Cal EPA",NA,8.9e-05,NA,"O",NA,2.78,0.00119,0.00207,NA,NA,TRUE
"Di-n-octylphthalate","117-84-0",391,298,3.42e-09,0.02,6.7e-05,0.001,1e-05,1.26e+08,91700000,1.3e+07,"6880000","3670000",9.03,0.852,401000,0.0308,0.000806,0.000806,353000,353000,0.00164,0.00777,0.00941,17000,NA,2.35,462,NA,0.01,"PPRTV",NA,NA,NA,NA,NA,"O","PH",0.000806,0.00327,0.00573,NA,NA,TRUE
"Dioxane, 1,4-","123-91-1",88.1,285,0.0501,1e+06,4.8e-06,0.229,1.02e-05,0.537,0.54,0.01,"0.04","0.02",1.41,1,6.45,1190,8.38,8.38,0.00601,0.00601,5.57e-06,2.65e-05,3.2e-05,4.29e-06,NA,3.16,NA,NA,0.03,"IRIS",0.1,"IRIS",0.03,5e-06,NA,"O",NA,8.38,1.11e-05,1.95e-05,NA,NA,TRUE
"DIOXN 2378EQ, Unspeciated","E17000407",356,514,5.79e-13,0.000118,2.6e-06,0.0989,8e-06,4370000,2690000,26900,"202000","108000",0.03,0.117,30100,1.12,0.00562,0.00562,239000,239000,0.00605,0.0288,0.0348,0.0471,2.5,25900,NA,0.09,7e-10,"MDH",1400000,"MDH",4e-08,400,NA,"O","D",0.00455,0.011,0.0192,1,NA,TRUE
"Dimethylbenz(a)Anthracene","57-97-6",256,423,2.63e-10,0.061,1.11e-06,0.0471,5.45e-06,631000,503000,5030,"37700","20100",0.7,0.307,6790,1.35,0.0172,0.0172,76000,76000,0.00827,0.0393,0.0476,NA,NA,5830,133000,NA,NA,NA,255,"MDH",NA,NA,NA,"O","PAH",0.0172,0.0165,0.029,NA,NA,TRUE
"Epichlorohydrin (1-Chloro-2,3- epoxypropane)","106-89-8",92.5,216,0.0216,65900,3.04e-05,0.086,9.8e-06,0.617,0.62,0.006,"0.05","0.02",9.03,1,6.47,1040,8.38,8.38,0.0011,0.0011,6.5e-06,3.09e-05,3.74e-05,1.41e-05,NA,3.16,NA,NA,0.006,"PPRTV",0.0099,"IRIS",0.001,1.2e-06,NA,"O",NA,8.38,1.3e-05,2.28e-05,NA,NA,TRUE
"Epoxybutane 1,2-","106-88-7",72.1,123,0.237,95000,NA,0.0929,1.04e-05,7.24,9.91,0.0991,"0.743","0.396",NA,1,7.38,74.4,12.3,12.3,NA,NA,7.75e-05,0.000368,0.000445,NA,NA,3.16,NA,NA,NA,NA,NA,NA,0.02,NA,NA,"O",NA,12.3,0.000155,0.000271,NA,NA,TRUE
"Ethyl Acrylate","140-88-5",100,202,0.0508,15000,0.000339,0.0881,1.02e-05,20.9,19.9,0.199,"1.49","0.794",36.1,1,8.72,43.9,6.68,6.68,0.0042,0.0042,0.000191,0.000909,0.0011,NA,NA,2.07,NA,NA,0.0137,"IRIS",NA,"HEAST, eliminate",NA,NA,NA,"O",NA,6.68,0.000383,0.00067,NA,NA,TRUE
"Ethylbenzene","100-41-4",106,178,0.0126,170,0.0079,0.075,7.8e-06,1260,204,0.73,"15.3","8.16",25.3,1,56.6,77.6,0.625,0.625,0.0142,0.0142,0.00256,0.0121,0.0147,0.0105,NA,48.6,NA,NA,0.1,"IRIS",0.011,"Cal EPA",1,2.5e-06,NA,"O",NA,0.625,0.00511,0.00895,NA,NA,TRUE
"Ethylene Dibromide","106-93-4",188,283,0.0171,4000,0.00074,0.001,1e-05,100,92.5,0.085,"6.94","3.7",1.41,1,8.05,94.8,2.7,2.7,0.0102,0.0102,0.000611,0.0029,0.00351,0.000447,NA,6.92,NA,NA,0.009,"IRIS",2,"IRIS",0.009,0.00022,NA,"O",NA,2.7,0.00122,0.00214,NA,NA,TRUE
"Ethylene Glycol","107-21-1",62.1,260,0.000121,1e+06,7.51e-09,0.121,1.4e-05,0.0437,0.0461,0.000461,"0.00346","0.00184",14.9,1,6.39,13900,237,237,0.265,0.265,1.91e-06,9.07e-06,1.1e-05,NA,NA,3.16,NA,NA,2,"IRIS",NA,NA,0.4,NA,NA,"O",NA,237,3.82e-06,6.68e-06,NA,NA,TRUE
"Ethylene Glycol Monobutyl Ether Acetate","112-07-2",160.21,258.77,0.000703,3103,6.38e-06,NA,NA,37.2,15.08,NA,"1.131","0.6032",NA,1,NA,NA,NA,NA,NA,NA,NA,NA,NA,NA,NA,2.573,2.573,NA,NA,NA,NA,NA,NA,NA,NA,"O",NA,NA,NA,NA,NA,NA,TRUE
"Ethylene Glycol Monomethyl Ether Acetate","111-15-9",132.158,211.45,0.00307944,247000,1.65e-06,0.0732,8.48e-06,3.89045145,3.804083139,0.038040831,"0.285306235","0.152163326",8.4315,1,6.968928548,183.1960105,17.65956493,17.65956493,0.144174113,0.144174113,4.35e-05,0.000207,0.00025,NA,NA,3.16227766,NA,NA,0.1,"PPRTV",NA,NA,0.3,NA,NA,"O",NA,17.65956493,8.71e-05,0.000152,NA,NA,TRUE
"Ethylene Imine","151-56-4",43.07,214.33,0.303,1e+06,7.33e-06,0.133,1.42e-05,0.525,9.04,NA,"0.678225","0.36172",NA,1,NA,NA,NA,NA,56,56,4.15e-09,1.31e-08,NA,NA,NA,0.9343,0.9343,NA,NA,NA,65,"Cal EPA",NA,0.019,NA,"O",NA,NA,NA,NA,NA,NA,NA
"Ethylene Oxide","75-21-8",44.1,162,1.73,1e+06,0.000148,0.104,1.45e-05,0.501,0.51,0.005,"0.04","0.02",21.3,1,6.44,1270,8.38,8.38,0.000181,0.000181,5.15e-06,2.45e-05,2.96e-05,3.98e-06,NA,3.16,NA,NA,NA,"cannot find this one, eliminate",1.02,"Cal EPA",0.03,8.8e-05,NA,"O",NA,8.38,1.03e-05,1.8e-05,NA,NA,TRUE
"Ethylhexyl Phthalate, Bis-2-   (DEHP)","117-81-7",391,218,8.95e-11,0.34,1e-07,0.0351,3.66e-06,126000,111000,2300000,"8330","4440",11,0.131,1960,0.000854,0.0437,0.0437,151000,151000,0.0084,0.0399,0.0483,1.27,NA,53.3,194,NA,0.02,"IRIS",0.014,"IRIS",NA,2.4e-06,NA,"O","PH",0.0437,0.0168,0.0294,NA,NA,TRUE
"Fluoranthene","206-44-0",202,383,1.03e-08,0.21,1.6e-05,0.001,1e-05,1e+05,49100,11000,"3680","1960",0.57,0.992,1640,0.15,0.0499,0.0499,738,738,0.00826,0.0392,0.0475,0.965,NA,1410,4490,NA,0.04,"IRIS",NA,NA,NA,0.00014,NA,"O","PAH",0.0499,0.0165,0.0289,NA,NA,TRUE
"Fluorene","86-73-7",166,383,8.29e-07,2,6.4e-05,0.001,1e-05,15800,7710,2100,"578","308",4.22,1,398,0.19,0.145,0.145,26,26,0.00616,0.0293,0.0354,0.117,NA,342,472,NA,0.04,"IRIS",NA,NA,NA,NA,NA,"O","PAH",0.145,0.0123,0.0216,NA,NA,TRUE
"Formaldehyde","50-00-0",30,181,6.89,550000,3.36e-07,0.178,1.98e-05,2.24,2.21,0.02,"0.17","0.09",36.1,1,6.74,305,8.38,8.38,0.392,0.392,2.54e-05,0.000121,0.000146,1.75e-05,NA,3.16,NA,NA,0.2,"IRIS",NA,NA,0.009,5e-06,NA,"O",NA,8.38,5.08e-05,8.88e-05,NA,NA,TRUE
"Glycol Ethers, Unspeciated","E651141",76.1,188,0.0125,1e+06,9.51e-07,0.106,1.23e-05,0.17,0.175,0.00175,"0.0131","0.00701",8.43,1,6.39,3650,108,108,0.00889,0.00889,1.91e-06,9.07e-06,1.1e-05,NA,NA,3.16,NA,NA,NA,NA,NA,NA,0.02,NA,NA,"O",NA,108,3.82e-06,6.68e-06,NA,NA,TRUE
"HeptaCDD, 1,2,3,4,6,7,8-","35822-46-9",425,538,7.37e-15,2.4e-06,1.2e-05,0.0905,8e-06,1e+08,61700000,617000,"4620000","2470000",0.03,0.003,336000,0.545,0.00092,0.00092,910000,910000,0.00185,0.00877,0.0106,0.0255,0.39,2750,NA,0.005,7e-08,"MDH",14000,"MDH",4e-06,4,NA,"O","D",0.00092,0.00369,0.00646,0.01,NA,TRUE
"HeptaCDF, 1,2,3,4,6,7,8-","67562-39-4",409,510,4.61e-14,1.35e-06,1.41e-05,0.0203,8e-06,25100000,15500000,155000,"1160000","620000",0.03,0.01,116000,0.748,0.00205,0.00205,830000,830000,0.00346,0.0164,0.0199,0.0209,0.32,18300,NA,0.005,7e-08,"MDH",14000,"MDH",4e-06,4,NA,"O","F",0.00205,0.00692,0.0121,0.01,NA,TRUE
"HeptaCDF, 1,2,3,4,7,8,9-","55673-89-7",409,495,4.04e-13,1.4e-06,1.4e-05,0.0203,8e-06,25100000,15500000,155000,"1160000","620000",0.03,0.057,116000,0.748,0.00205,0.00205,830000,830000,0.00346,0.0164,0.0199,0.0242,0.48,18300,NA,0.005,7e-08,"MDH",14000,"MDH",4e-06,4,NA,"O","F",0.00205,0.00692,0.0121,0.01,NA,TRUE
"Heptachlorobiphenyls, Unspeciated","28655-71-2",326,283,1.01e-07,0.043,0.000283,0.001,1e-05,3160000,2450000,24500,"184000","98100",0.03,0.992,23500,0.958,0.00678,0.00678,1650,1650,0.00652,0.031,0.0375,12.8,NA,84100,NA,2,4.5e-05,"average of oral RFD for Aroclor 1254 and Aroclor 1016",42,"MDH, based on most toxic congener",0.0013,0.008571429,NA,"O","PCB",0.01,0.013,0.032,NA,NA,TRUE
"HexaCDD, 1,2,3,4,7,8-","39227-28-6",391,547,5e-14,4.42e-06,1.07e-05,0.0944,8e-06,63100000,38900000,389000,"2920000","1560000",0.03,0.024,236000,0.605,0.0012,0.0012,520000,520000,0.00232,0.011,0.0133,0.0453,1.83,5180,NA,0.04,7e-09,"MDH",140000,"MDH",4e-07,40,NA,"O","D",0.0012,0.00463,0.00811,0.1,NA,TRUE
"HexaCDD, 1,2,3,6,7,8-","57653-85-7",391,559,4.73e-14,4.4e-06,1.1e-05,0.0944,8e-06,2e+07,12300000,123000,"923000","492000",0.03,0.029,97100,0.789,0.00234,0.00233,520000,520000,0.00378,0.018,0.0217,0.037,1.17,25100,NA,0.04,7e-09,"MDH",6200,"MDH",4e-07,40,NA,"O","D",0.00234,0.00756,0.0132,0.1,NA,TRUE
"HexaCDD, 1,2,3,7,8,9-","19408-74-3",391,517,6.45e-14,4.4e-06,1.1e-05,0.0944,8e-06,2e+07,12300000,123000,"923000","492000",0.03,0.016,97100,0.789,0.00234,0.00234,520000,520000,0.00378,0.018,0.0217,0.0233,0.63,25100,NA,0.04,7e-09,"MDH",140000,"MDH",4e-07,40,NA,"O","D",0.00234,0.00756,0.0132,0.1,NA,TRUE
"HexaCDF, 1,2,3,4,7,8-","70648-26-9",375,499,3.16e-13,8.25e-06,1.43e-05,0.0212,8e-06,1e+07,6170000,61700,"462000","247000",0.03,0.049,57000,0.925,0.00348,0.00348,162000,162000,0.0048,0.0228,0.0276,0.0451,1.58,49000,NA,0.04,7e-09,"MDH",140000,"MDH",4e-07,40,NA,"O","F",0.00348,0.0096,0.0168,0.1,NA,TRUE
"HexaCDF, 1,2,3,6,7,8-","57117-44-9",375,506,2.89e-13,1.77e-05,7.31e-06,0.0212,8e-06,1e+07,6170000,61700,"462000","247000",0.03,0.052,57000,0.925,0.00348,0.00348,162000,162000,0.0048,0.0228,0.0276,0.0453,1.62,49000,NA,0.04,7e-09,"MDH",140000,"MDH",4e-07,40,NA,"O","F",0.00348,0.0096,0.0168,0.1,NA,TRUE
"HexaCDF, 1,2,3,7,8,9-","72918-21-9",375,521,3.68e-13,1.3e-05,1.1e-05,0.0212,8e-06,1e+07,6170000,61700,"462000","247000",0.03,0.09,57000,0.925,0.00348,0.00348,162000,162000,0.0048,0.0228,0.0276,NA,NA,49000,NA,0.04,7e-09,"MDH",140000,"MDH",4e-07,40,NA,"O","F",0.00348,0.0096,0.0168,0.1,NA,TRUE
"HexaCDF, 2,3,4,6,7,8-","60851-34-5",375,513,2.63e-13,1.3e-05,1.1e-05,0.0212,8e-06,1e+07,6170000,61700,"462000","247000",0.03,0.055,57000,0.925,0.00348,0.00348,162000,162000,0.0048,0.0228,0.0276,0.0271,0.79,49000,NA,0.04,7e-09,"MDH",140000,"MDH",4e-07,40,NA,"O","F",0.00348,0.0096,0.0168,0.1,NA,TRUE
"Hexachloro-1,3-butadiene (Perchlorobutadiene)","87-68-3",261,252,0.000289,3.2,0.0081,0.0561,6.16e-06,63100,7580,7600,"568","303",1.41,1,1150,0.152,0.065,0.0651,0.893,0.893,0.00789,0.0375,0.0454,0.428,NA,991,2430,NA,0.001,"IRIS",0.078,"PPRTV",NA,2.2e-05,NA,"O",NA,0.065,0.0158,0.0276,NA,NA,TRUE
"Hexachlorobenzene","118-74-1",285,503,2.37e-08,6.2e-06,0.0013,0.0542,5.91e-06,2e+05,80000,110,"6000","3200",0.12,1,2800,25,0.0335,0.033,19,19,0.00855,0.0406,0.0492,2.53,NA,2400,11500,NA,8e-04,"IRIS",1.6,"IRIS",NA,0.00046,NA,"O",NA,0.0335,0.0171,0.0299,NA,NA,TRUE
"Hexachlorobiphenyls, Unspeciated","26601-64-9",326,283,1.01e-07,0.043,0.000283,0.001,1e-05,3160000,2450000,24500,"184000","98100",0.03,0.992,23500,0.958,0.00678,0.00678,1650,1650,0.00652,0.031,0.0375,12.8,NA,84100,NA,2,4.5e-05,"average of oral RFD for Aroclor 1254 and Aroclor 1016",42000,"MDH, based on most toxic congener",1.3e-06,8.571428571,NA,"O","PCB",0.01,0.013,0.032,NA,NA,TRUE
"Hexachlorocyclopentadiene","77-47-4",273,284,7.89e-05,1.8,0.027,0.001,1e-05,110000,11700,117,"880","470",9.03,1,1770,15,0.0473,0.0473,0.483,0.483,0.00832,0.0395,0.0478,0.641,NA,1520,5520,NA,0.006,"IRIS",NA,NA,2e-04,NA,NA,"O",NA,0.0473,0.0166,0.0291,NA,NA,TRUE
"Hexachloroethane (Perchloroethane)","67-72-1",236.74,459.95,0.000276,50,0.00389,0.0025,6.8e-06,8511.380382,1550.84,15.51,"116.31","62.03",1.41,1,247,15.9,0.207,0.207,0.22,0.22,0.005225344,0.024820384,0.030045728,0.076740051,NA,212,NA,NA,7e-04,"IRIS",0.04,"IRIS",NA,4e-06,NA,"O",NA,0.207,0.010450688,0.018288704,NA,NA,TRUE
"Hexafluoroethane (PFC-116)","76-16-4",138.01,118.34,19.8,302.8,24.1,NA,NA,141,196.8,NA,"14.76","7.872",NA,0.676,NA,NA,NA,NA,NA,NA,NA,NA,NA,NA,NA,11.08,11.08,NA,NA,NA,NA,NA,NA,NA,NA,NA,NA,NA,NA,NA,NA,NA,NA
"Hexamethylene 1,6 Diisocyante","822-06-0",168,206,3.95e-05,117,5.68e-05,0.0624,7.22e-06,1580,1400,14,"105","56",8.43,1,67.6,4.83,0.548,0.548,2.52,2.52,0.00283,0.0135,0.0163,NA,NA,58.1,NA,NA,NA,NA,NA,NA,1e-05,NA,NA,"O",NA,0.548,0.00567,0.00992,NA,NA,TRUE
"Hexyethanol 2-","112-25-4",146.23,276.55,5.95e-05,6577,1.73e-07,NA,NA,35.5,10,NA,"0.75","0.4",NA,1,NA,NA,NA,NA,NA,NA,NA,NA,NA,NA,NA,NA,NA,NA,NA,NA,NA,NA,NA,NA,NA,"O",NA,NA,NA,NA,NA,NA,TRUE
"Hydrogen Chloride","7647-01-0",35.45,159,46.6,720000,0.00236,0.001,1e-05,3.47,13.22,NA,"0.9915","0.5288",NA,0.539,NA,NA,NA,NA,NA,NA,1.1e-05,5.23e-05,6.33e-05,NA,NA,3.16,NA,NA,NA,NA,NA,NA,0.02,NA,NA,"I",NA,NA,2.2e-05,3.86e-05,NA,NA,TRUE
"Hydrogen Fluoride","7664-39-3",20,190,1.21,1e+06,7.62e-14,NA,NA,1.71,13.2,NA,"0.99","0.528",1.27,0.74,NA,NA,NA,NA,NA,NA,NA,NA,NA,NA,NA,NA,NA,NA,0.04,"Cal EPA",NA,NA,0.014,NA,NA,"I",NA,NA,NA,NA,NA,NA,TRUE
"Hydroquinone","123-31-9",110,445,1.32e-08,72000,2.02e-11,0.0827,9.58e-06,3.89,3.8,0.038,"0.285","0.152",36.1,0.957,6.97,183,17.7,17.7,11800,11800,4.35e-05,0.000207,0.00025,NA,NA,3.16,NA,NA,0.04,"PPRTV",0.056,"PPRTV",NA,NA,NA,"O",NA,17.7,8.71e-05,0.000152,NA,NA,TRUE
"Indeno(1,2,3-cd) Pyrene","193-39-5",276,433,1.32e-13,2.2e-05,1.6e-06,0.001,1e-05,3980000,3080000,530000,"231000","123000",0.48,0.005,28100,0.0529,0.00593,0.00593,373000,373000,0.00619,0.0294,0.0356,65.3,NA,24100,618000,NA,NA,NA,0.12,"MDH",NA,0.00013,NA,"O","PAH",0.00593,0.0124,0.0217,NA,NA,TRUE
"Isophorone","78-59-1",138,265,0.000576,12000,6.64e-06,0.0623,6.76e-06,46.8,43.8,0.44,"3.29","1.75",9.03,1,10.8,24.6,4.2,4.2,0.506,0.506,0.000357,0.0017,0.00205,0.000397,NA,3.85,3.85,NA,0.2,"IRIS",0.00095,"IRIS",2,NA,NA,"O",NA,4.2,0.000714,0.00125,NA,NA,TRUE
"Lead","7439-92-1",209,603,0,9580,0.025,0.0772,9.57e-06,5.37,NA,900,"900","900",NA,0,NA,0.009,0.0136,0.045,NA,NA,0.00025,3e-04,NA,NA,NA,0.09,NA,NA,NA,NA,0.0085,"Cal EPA",0.00015,1.2e-05,NA,"I","Metal",0.009,NA,NA,NA,NA,TRUE
"Lead_2013_point","7439-92-1-2013",209,603,0,9580,0.025,0.0772,9.57e-06,5.37,NA,900,"900","900",NA,0,NA,0.009,0.0136,0.045,NA,NA,0.00025,3e-04,NA,NA,NA,0.09,NA,NA,NA,NA,0.0085,"Cal EPA",0.00015,1.2e-05,NA,"I","Metal",0.009,NA,NA,NA,NA,TRUE
"Maleic Anhydride","108-31-6",98.1,326,0.000211,4910,4.21e-06,0.0894,1.03e-05,41.7,39.2,0.392,"2.94","1.57",8.43,1,10.4,26.6,4.48,4.48,0.706,0.706,0.000328,0.00156,0.00189,NA,NA,3.53,NA,NA,0.1,"IRIS",NA,NA,7e-04,NA,NA,"O",NA,4.48,0.000656,0.00115,NA,NA,TRUE
"Manganese","7439-96-5",55,1470,0,55,0,0.131,0,1.7,13.22,NA,"0.9915","0.5288",2.53e-06,0,NA,NA,NA,NA,NA,NA,NA,NA,NA,NA,NA,NA,NA,NA,0.14,"IRIS",NA,NA,2e-04,NA,NA,"I","Metal",NA,NA,NA,NA,NA,TRUE
"Mercuric Chloride","7487-94-7",271.52,550.1,0.00012,69000,7.1e-10,0.045312607,5.25e-06,0.609536897,NA,58000,"100000","50000",NA,0.85,NA,0.036,0.0145,NA,1800,1800,0.002262,0.00522,3.39e-05,0.023925,NA,NA,NA,NA,NA,NA,NA,NA,NA,NA,NA,"I","Divalent",0.0093,0.023925,0.023925,NA,NA,TRUE
"Mercury","7439-97-6",201,234,2.63e-06,0.06,0.0071,0.0109,3.01e-05,4.17,NA,1000,"1000","3000",NA,1,NA,NA,NA,NA,NA,NA,NA,NA,NA,NA,NA,NA,NA,NA,0.00016,"Cal EPA",NA,NA,3e-04,NA,NA,"I","Metal",NA,NA,NA,NA,NA,TRUE
"Methane","74-82-8",16.04,121.07,696,2610,0.414,NA,NA,6.03,3.979,NA,"0.298425","0.15916",NA,1,NA,NA,NA,NA,NA,NA,NA,NA,NA,NA,NA,1.922,1.922,NA,NA,NA,NA,NA,NA,NA,NA,"O",NA,NA,NA,NA,NA,NA,TRUE
"Methanol","67-56-1",32,175,0.166,1e+06,4.55e-06,0.15,1.64e-05,0.17,0.18,0.002,"0.01","0.007",36.1,1,6.39,3650,8.38,8.38,0.00186,0.00186,1.91e-06,9.07e-06,1.1e-05,1.55e-06,NA,3.16,NA,NA,2,"IRIS",NA,NA,20,NA,NA,"O",NA,8.38,3.82e-06,6.68e-06,NA,NA,TRUE
"Triethylene Glycol Monomethyl Ether","112-35-6",164.2,298.95,4.55e-06,1e+06,1e-11,NA,NA,0.0347,10,NA,"0.75","0.4",NA,0.99978,NA,NA,NA,NA,NA,NA,NA,NA,NA,NA,NA,0.8939,0.8939,NA,NA,NA,NA,NA,NA,NA,NA,NA,NA,NA,NA,NA,NA,NA,TRUE
"Methyl Bromide (Bromomethane)","74-83-9",94.9,179,2.13,15200,0.00624,0.0728,1.21e-05,15.5,9,0.09,"0.675","0.36",9.03,1,8.22,91.4,7.95,7.95,0.000166,0.000166,0.00015,0.000711,0.000861,0.000103,NA,1.65,NA,NA,0.0014,"IRIS",NA,NA,0.005,NA,NA,"O",NA,7.95,0.000299,0.000524,NA,NA,TRUE
"Methyl Cellosolve","109-86-4",118,203,0.00263,1e+06,3.11e-07,0.0658,8.71e-06,1.16,2.49,0.0249,"0.187","0.0996",6.96,1,6.59,264,33.9,33.9,0.23,0.23,1.41e-05,6.68e-05,8.09e-05,NA,NA,3.16,0.928,NA,0.008,"PPRTV",NA,NA,0.09,NA,NA,"O",NA,38.7,2.81e-05,4.92e-05,NA,NA,TRUE
"Methyl Cellosolve Acetate","110-49-6",118,203,0.00263,1e+06,3.11e-07,0.0658,8.71e-06,1.16,2.49,0.0249,"0.187","0.0996",6.96,1,6.59,264,33.9,33.9,0.23,0.23,1.41e-05,6.68e-05,8.09e-05,NA,NA,3.16,0.928,NA,0.008,"PPRTV",NA,NA,0.09,NA,NA,"O",NA,38.7,2.81e-05,4.92e-05,NA,NA,TRUE
"Methyl Chloride (Chloromethane)","74-87-3",50.5,175,5.66,5330,0.00882,0.126,6.5e-06,8.13,6.3,0.06,"0.47","0.25",9.03,1,7.47,119,8.38,8.38,5.9e-05,5.9e-05,8.59e-05,0.000408,0.000494,6.35e-05,NA,3.16,NA,NA,NA,NA,NA,NA,0.09,NA,NA,"O",NA,8.38,0.000172,0.000301,NA,NA,TRUE
"Methyl Chrysene 5-","3697-24-3",242,423,3.33e-10,0.062,1.3e-06,0.0489,5.66e-06,1170000,927000,9270,"69500","37100",2.11,0.359,11000,1.18,0.012,0.012,125000,125000,0.00775,0.0368,0.0446,4.36,NA,9420,177000,NA,NA,NA,1.7,"MDH",NA,0.0018,NA,"O","PAH",0.012,0.0155,0.0271,NA,NA,TRUE
"Methyl Ethyl Ketone (2-Butanone)","78-93-3",72.1,186,0.125,220000,5.6e-05,0.0808,9.8e-06,1.95,1.93,0.29,"0.14","0.08",36.1,1,6.7,23.1,8.38,8.38,0.00203,0.00203,2.21e-05,0.000105,0.000127,1.51e-05,NA,3.16,NA,NA,0.6,"IRIS",NA,NA,5,NA,NA,"O",NA,8.38,4.42e-05,7.73e-05,NA,NA,TRUE
"Methyl Hydrazine","60-34-4",46.1,221,0.0658,1e+06,3.03e-06,0.148,1.71e-05,0.0891,0.0929,0.000929,"0.00697","0.00372",10.5,1,6.39,6880,157,157,0.0014,0.0014,1.91e-06,9.07e-06,1.1e-05,NA,NA,3.16,NA,NA,0.001,"PPRTV",3,"PPRTV",NA,0.001,NA,"O",NA,157,3.82e-06,6.68e-06,NA,NA,TRUE
"Methyl Iodide","74-88-4",142,207,0.533,13800,0.00548,0.0698,8.09e-06,32.4,18.8,0.188,"1.41","0.752",9.03,1,9.69,51.5,5.19,5.19,0.000414,0.000414,0.00027,0.00128,0.00155,NA,NA,2.9,NA,NA,NA,NA,2.9,"EPA, interim derived",NA,NA,NA,"O",NA,5.19,0.000541,0.000946,NA,NA,TRUE
"Methyl Isobutyl Ketone","108-10-1",100,189,0.0263,19000,0.00014,0.075,7.8e-06,15.9,15.1,2.2,"1.13","0.61",36.1,1,8.26,3.75,7.84,7.84,0.00757,0.00757,0.000153,0.000725,0.000877,0.000123,NA,1.67,NA,NA,NA,"HEAST, eliminate",NA,NA,3,NA,NA,"O",NA,7.84,0.000305,0.000534,NA,NA,TRUE
"Methyl Isocyanate","624-83-9",57.05,77.8,0.5764,29000,0.000926,0.117,1.31e-05,6.17,39.6,NA,"2.97","1.584",NA,1,NA,NA,NA,NA,13.4,13.4,4.87e-08,1.54e-07,NA,NA,NA,1.354,1.354,NA,NA,NA,NA,NA,1,NA,NA,NA,NA,NA,NA,NA,NA,NA,TRUE
"Methyl Mercury","22967-92-6",216,NA,NA,NA,4.7e-07,0.052777778,6.11e-06,NA,NA,7000,"100000","3000",NA,NA,NA,0.099,0.0294,NA,NA,NA,0.000338,0.00078,5.07e-06,0.003575,NA,NA,6800000,NA,1e-04,"IRIS",NA,NA,0.00035,NA,NA,"O",NA,0.019,0.003575,0.003575,NA,NA,TRUE
"Methyl Methacrylate","80-62-6",100,225,0.0507,15000,0.000338,0.0881,1.02e-05,24,22.7,0.227,"1.71","0.91",8.43,1,8.99,39.5,6.17,6.17,0.00488,0.00488,0.000214,0.00102,0.00123,NA,NA,2.31,NA,NA,1.4,"IRIS",NA,NA,0.7,NA,NA,"O",NA,6.17,0.000428,0.000749,NA,NA,TRUE
"Methyl Tert Butyl Ether","1634-04-4",88.2,164,0.329,51000,0.000569,0.0959,1.11e-05,8.71,8.4,0.084,"0.63","0.336",8.43,1,7.54,89.7,11.1,11.1,0.000986,0.000986,9.13e-05,0.000434,0.000525,NA,NA,3.16,NA,NA,0.14,"MDH",0.0018,"Cal EPA",3,2.6e-07,NA,"O",NA,11.1,0.000183,0.000319,NA,NA,TRUE
"Methylanthracenes, Unspeciated","26914-18-1",256,423,2.63e-10,0.061,1.11e-06,0.0471,5.45e-06,631000,503000,5030,"37700","20100",0.7,0.307,6790,1.35,0.0172,0.0172,76000,76000,0.00827,0.0393,0.0476,3.79,NA,5830,133000,NA,NA,NA,255,"MDH",NA,NA,NA,"O","PAH",0.0172,0.0165,0.029,NA,NA,TRUE
"Methylbenzopyrene","65357-69-9",266,453,7.24e-12,0.0016,1.1e-06,0.043,9e-06,1e+06,969000,160000,"72700","38800",0.48,0.294,9680,0.0605,0.0132,0.0132,125000,125000,0.00791,0.0376,0.0455,10.7,NA,961.6,1165,NA,NA,NA,1.7,"MDH",NA,0.0018,NA,"O","PAH",0.0132,0.0158,0.0277,NA,NA,TRUE
"Methylcholanthrene 3-","56-49-5",268,443,1.92e-11,0.0029,1.78e-06,0.0457,5.29e-06,2630000,2050000,20500,"154000","81900",0.25,0.0313,20400,0.996,0.00754,0.00754,216000,216000,0.00678,0.0322,0.039,4.36,NA,17500,497000,NA,NA,NA,22,"MDH",NA,0.01,NA,"O","PAH",0.00754,0.0136,0.0237,NA,NA,TRUE
"Methylene Chloride","75-09-2",84.9,178,0.566,13000,0.0022,0.101,1.17e-05,20,10,0.024,"0.75","0.4",9.03,1,8.64,359,6.86,6.86,0.000616,0.000616,0.000184,0.000876,0.00106,0.000143,NA,2,NA,NA,0.006,"IRIS",0.002,"IRIS",0.6,4.7e-07,NA,"O",NA,6.86,0.000369,0.000645,NA,NA,TRUE
"Methylene Dianiline 4,4-","101-77-9",198.268,365.65,0.00390852,1000,0.000775,0.0559,6.47e-06,38.9045145,36.58053055,0.365805305,"2.743539791","1.463221222",3.3726,0.999999848,10.20133995,27.88734827,4.666378903,4.666378903,0.003560333,0.003560333,0.000311,0.00148,0.00179,NA,NA,3.344259735,NA,NA,0.08,"ATSDR",1.6,"Cal EPA",0.02,0.00046,NA,"O",NA,4.666378903,0.000622,0.00109,NA,NA,TRUE
"Methylenediphenyl Diisocyanate 4,4-","101-68-8",250,311,6.58e-09,0.829,1.99e-06,0.0478,5.54e-06,166000,135000,1350,"10200","5420",3.37,0.917,2430,1.79,0.0372,0.0372,10200,10200,0.00851,0.0404,0.0489,NA,NA,2090,10400,NA,NA,NA,NA,NA,6e-04,NA,NA,"O",NA,82.7,0.017,0.0298,NA,NA,TRUE
"Methylnaphthalene 1-","90-12-0",142.2,296.15,4.82e-05,40.62,0.00058,0.0528,7.85e-06,5250,2528,62.3,"189.6","101.12",8.4,1,218,3.5,0.228,0.228,0.219,0.219,5.86e-05,0.000185,0.0286,0.0187,NA,498.2,500.2,NA,NA,NA,NA,NA,NA,NA,NA,"O","PAH",0.228,0.00996,0.0174,NA,NA,TRUE
"Methylnaphthalene 2-","91-57-6",142,307,7.24e-05,24.6,0.000419,0.0697,8.08e-06,7240,6230,62.3,"467","249",8.4,1,218,3.5,0.228,0.228,1.72,1.72,0.00498,0.0237,0.0286,0.0187,NA,187,500.2,NA,0.004,"IRIS",NA,NA,NA,NA,NA,"O","PAH",0.228,0.00996,0.0174,NA,NA,TRUE
"Methylpyrene 1-","2381-21-7",216.28,406,2.3e-09,0.058,9.16e-06,NA,NA,3e+05,89000,NA,NA,NA,NA,0.9626,NA,NA,NA,NA,NA,NA,NA,NA,NA,NA,NA,502.6,515.9,NA,NA,NA,NA,NA,NA,NA,NA,NA,NA,NA,NA,NA,NA,NA,NA
"Monochlorobiphenyl 2-","2051-60-7",326,283,1.01e-07,0.043,0.000283,0.001,1e-05,3160000,2450000,24500,"184000","98100",0.03,0.992,23500,0.958,0.00678,0.00678,1650,1650,0.00652,0.031,0.0375,12.8,NA,84100,NA,2,NA,"EPA recommended for mixtures in food, recommend removing",NA,"EPA, recommend removing",0.0013,1e-04,NA,"O",NA,0.01,0.013,0.032,NA,NA,TRUE
"Naphthalene","91-20-3",128,353,0.000112,31,0.00048,0.059,7.5e-06,2000,1190,300,"89.3","47.6",5.27,1,80.7,0.269,0.479,0.479,0.381,0.381,0.00313,0.0149,0.018,0.0187,NA,69.3,69.3,NA,0.02,"IRIS",NA,"Cal EPA, for inhalation, recommend removing",0.009,3.4e-05,NA,"O","PAH",0.479,0.00625,0.0109,NA,NA,TRUE
"NHexane","110-54-3",86.2,178,0.199,9.5,1.8,0.0974,1.13e-05,7940,1470,14.7,"110","58.7",14.9,1,234,15.9,0.216,0.216,0.000442,0.000442,0.00512,0.0243,0.0294,NA,NA,201,NA,NA,NA,"HEAST, eliminate",NA,NA,2,NA,NA,"O",NA,0.216,0.0102,0.0179,NA,NA,TRUE
"NHexyl Carbitol","112-59-4",190.29,314.52,2.23e-06,5602,2.68e-09,NA,NA,18.6,10,NA,"0.75","0.4",NA,0.999312,NA,NA,NA,NA,NA,NA,NA,NA,NA,NA,NA,4.497,4.497,NA,NA,NA,NA,NA,NA,NA,NA,"O",NA,NA,NA,NA,NA,NA,TRUE
"Nickel","7440-02-0",58.7,1770,0,422000,0.025,0.0772,9.57e-06,0.269,NA,65,"65","65",NA,0,NA,0.008,0.00931,0.032,NA,NA,0.001,0.006,NA,NA,NA,78,NA,NA,0.02,"IRIS",NA,NA,1.4e-05,0.00048,NA,"I","Metal",0.006,NA,NA,NA,NA,TRUE
"Nitrobenzene","98-95-3",123,279,0.000322,2090,2.4e-05,0.076,8.6e-06,70.8,119,1.19,"8.93","4.76",1.28,1,12.5,10.5,3.3,3.3,0.217,0.217,0.000482,0.00229,0.00277,0.00054,NA,5.3,NA,NA,0.002,"IRIS",NA,NA,0.009,4e-05,NA,"O",NA,3.3,0.000963,0.00169,NA,NA,TRUE
"Nitrobiphenyl 4-","92-93-3",199.21,384.29,3.9e-05,9.835,1.6e-06,0.0557,6.51e-06,3720,7970,NA,NA,NA,NA,1,NA,NA,NA,NA,0.234,0.234,5.22e-05,0.000165,NA,NA,NA,405.9,406.7,NA,NA,NA,NA,NA,NA,NA,NA,NA,NA,NA,NA,NA,NA,NA,NA
"Nitrogen Dioxide","10102-44-0",46,262,0.948,1e+06,NA,0.148,NA,NA,NA,NA,NA,NA,NA,1,NA,NA,NA,NA,NA,NA,NA,NA,NA,NA,NA,NA,NA,NA,NA,NA,NA,NA,NA,NA,NA,"I",NA,NA,NA,NA,NA,NA,TRUE
"Nitrogen Dioxide_2013_point","10102-44-0-2013",46,262,0.948,1e+06,NA,0.148,NA,NA,NA,NA,NA,NA,NA,1,NA,NA,NA,NA,NA,NA,NA,NA,NA,NA,NA,NA,NA,NA,NA,NA,NA,NA,NA,NA,NA,"I",NA,NA,NA,NA,NA,NA,TRUE
"Nitrophenol, 4-","100-02-7",139,387,5.39e-08,11600,4.15e-10,0.001,1e-05,81.3,75.5,0.75,"5.66","3.02",209,0.999,13.2,17.5,3.05,3.05,14600,14600,0.00053,0.00252,0.00305,0.000646,NA,5.9,NA,NA,NA,"cannot find this one, eliminate",NA,NA,NA,NA,NA,"O",NA,3.05,0.00106,0.00186,NA,NA,TRUE
"Nitropropane 2-","79-46-9",89.1,182,0.0226,17000,0.000119,0.0952,1.1e-05,8.51,8.21,0.0821,"0.616","0.329",8.43,1,7.52,91.5,11.2,11.2,0.00461,0.00461,8.94e-05,0.000425,0.000514,NA,NA,3.16,NA,NA,NA,"one reference says IRIS, but this value is not in IRIS. It si from Pennsylvania's remediation values. I recommend getting removing.",NA,"HEAST, eliminate",0.02,NA,NA,"O",NA,11.2,0.000179,0.000313,NA,NA,TRUE
"Nitropyrene, 1-","5522-43-0",247.26,444.56,1.09e-10,0.03697,3.27e-08,NA,NA,56200,86000,NA,"6450","3440",NA,0.684,NA,NA,NA,NA,NA,NA,NA,NA,NA,NA,NA,103.8,103.8,NA,NA,NA,NA,NA,NA,0.00018,NA,NA,NA,NA,NA,NA,NA,NA,NA
"Nitrosodimethylamine n-","62-75-9",74.1,234,0.00355,1e+06,1.82e-06,0.0988,1.15e-05,0.27,22.8,0.228,"1.71","0.912",0.000385,1,6.39,28,82.5,82.5,0.00762,0.00762,2.52e-06,1.2e-05,1.45e-05,NA,NA,3.16,NA,NA,8e-06,"PPRTV",51,"IRIS",NA,0.014,NA,"O",NA,82.7,5.04e-06,8.82e-06,NA,NA,TRUE
"Nitrosomorpholine N-","59-89-2",116.12,289.93,0.000176,246000,1.41e-08,NA,NA,0.371,22.5,NA,"1.68825","0.9004",NA,1,NA,NA,NA,NA,NA,NA,NA,NA,NA,NA,NA,0.9034,0.9034,NA,NA,NA,NA,NA,NA,NA,NA,NA,NA,NA,NA,NA,NA,NA,NA
"Nitrous Oxide","10024-97-2",46,262,0.948,1e+06,NA,0.148,NA,NA,NA,NA,"0","0",NA,1,NA,NA,NA,NA,NA,NA,NA,NA,NA,NA,NA,NA,NA,NA,NA,NA,NA,NA,NA,NA,NA,NA,NA,NA,NA,NA,NA,NA,NA
"NOX","E17134099",46,262,0.948,1e+06,NA,0.148,NA,NA,NA,NA,NA,NA,NA,1,NA,NA,NA,NA,NA,NA,NA,NA,NA,NA,NA,NA,NA,NA,NA,NA,NA,NA,NA,NA,NA,"I",NA,NA,NA,NA,NA,NA,TRUE
"NOX_2013_point","E17134099-2013",46,262,0.948,1e+06,NA,0.148,NA,NA,NA,NA,NA,NA,NA,1,NA,NA,NA,NA,NA,NA,NA,NA,NA,NA,NA,NA,NA,NA,NA,NA,NA,NA,NA,NA,NA,"I",NA,NA,NA,NA,NA,NA,TRUE
"OctaCDD, 1,2,3,4,6,7,8,9-","3268-87-9",461,599,1.09e-15,7.4e-08,6.75e-06,0.0869,8e-06,1.58e+08,97700000,977000,"7330000","3910000",0.03,0.002,479000,0.49,0.000705,0.000705,2360000,2360000,0.00144,0.00686,0.0083,0.0099,0.05,1470,NA,1e-04,2.33e-06,"MDH",420,"MDH",0.000133333,0.12,NA,"O","D",0.000705,0.00289,0.00505,3e-04,NA,TRUE
"OctaCDF, 1,2,3,4,6,7,8,9-","39001-02-0",445,532,4.93e-15,1.16e-06,1.88e-06,0.0195,8e-06,1e+08,61700000,617000,"4620000","2470000",0.03,0.002,479000,0.776,0.00092,0.00092,2280000,2280000,0.00185,0.00877,0.0106,0.00792,0.02,2750,NA,1e-04,2.33e-06,"MDH",420,"MDH",0.000133333,0.12,NA,"O","F",0.00092,0.00369,0.00646,3e-04,NA,TRUE
"PentaCDD, 1,2,3,7,8-","40321-76-4",356,514,5.79e-13,0.000118,2.6e-06,0.0989,8e-06,4370000,2690000,26900,"202000","108000",0.03,0.117,30100,1.12,0.00562,0.00562,239000,239000,0.00605,0.0288,0.0348,0.0471,2.5,25900,NA,0.09,7e-10,"MDH",1400000,"MDH",4e-08,400,NA,"O","D",0.00562,0.0121,0.0212,1,NA,TRUE
"PentaCDF, 1,2,3,7,8-","57117-41-6",340,499,2.23e-12,0.00024,5e-06,0.0223,8e-06,6170000,3800000,38000,"285000","152000",0.03,0.268,39300,1.03,0.00461,0.00461,97500,97500,0.00553,0.0263,0.0318,NA,NA,33800,NA,0.09,2.33e-09,"MDH",42000,"MDH",1.33e-06,12,NA,"O","F",0.00461,0.0111,0.0194,0.03,NA,TRUE
"PentaCDF, 2,3,4,7,8-","57117-31-4",340,469,3.42e-12,0.000236,4.98e-06,0.0223,8e-06,3160000,1950000,19500,"146000","78000",0.03,0.221,23500,1.21,0.00678,0.00678,97500,97500,0.00652,0.031,0.0375,0.0561,3.28,20200,NA,0.09,2.33e-10,"MDH",420000,"MDH",1.33e-07,120,NA,"O","F",0.00678,0.013,0.0228,0.3,NA,TRUE
"Pentachlorobiphenyls, Unspeciated","25429-29-2",326,283,1.01e-07,0.043,0.000283,0.001,1e-05,3160000,2450000,24500,"184000","98100",0.03,0.992,23500,0.958,0.00678,0.00678,1650,1650,0.00652,0.031,0.0375,12.8,NA,84100,NA,2,2e-05,"IRIS, Aroclor 1254",140000,"MDH, based on most toxic congener",4e-07,3.8,NA,"O","PCB",0.01,0.013,0.032,NA,NA,TRUE
"Pentachloronitrobenzene (PCNB)","82-68-8",295.32,417.15,1.49e-07,0.55,0.00038,0.001,1e-05,43651.58322,36425.04,364.25,"2731.88","1457",0.36,1,869,2.38,0.0806,0.0806,12.9,12.9,0.007506363,0.035655227,0.04316159,0.346740161,NA,746,1622.77856,NA,0.003,"IRIS",NA,"HEAST, eliminate",0.011,7.4e-05,NA,"O",NA,0.0806,0.015012727,0.026272272,NA,NA,TRUE
"Pentachlorophenol","87-86-5",266,443,4.21e-08,2000,2.4e-08,0.056,6.1e-06,126000,592,1.2,"44.4","23.7",1.42,0.999,1960,1640,0.0437,0.0437,629000,629000,1.39e-05,6.62e-05,8.02e-05,0.955,NA,671,2450,NA,0.005,"IRIS",0.4,"IRIS",NA,5.1e-06,NA,"O","Ionizing",0.0437,2.79e-05,4.88e-05,NA,NA,TRUE
"Pentafluoroethane 1,1,1,2,2- (HFC-125)","354-33-6",120.02,111.93,9.33,867.3,3.05,NA,NA,35.5,136,NA,"10.215","5.448",NA,1,NA,NA,NA,NA,NA,NA,NA,NA,NA,NA,NA,4.387,4.387,NA,NA,NA,NA,NA,NA,NA,NA,NA,"HFC",NA,NA,NA,NA,NA,NA
"Perfluoro compounds (PFCs), Unspeciated","86508-42-1",588.08,258.46,0.00234,3.62e-06,73800000,NA,NA,1.51e+08,1.44e+08,NA,"10800000","5760000",NA,1,NA,NA,NA,NA,NA,NA,NA,NA,NA,NA,NA,2301,8460000,NA,NA,NA,NA,NA,NA,NA,NA,NA,"PFC",NA,NA,NA,NA,NA,NA
"Perylene","198-55-0",252.32,443.4,1.76e-12,0.008195,8.1e-07,0.0255,6.58e-06,1290000,599000,160000,"44925","23960",0.48,0.652,9680,0.0605,0.0132,0.0132,0.00913,0.00913,0.014,0.0445,0.0455,10.7,NA,267.7,286.4,NA,NA,NA,NA,NA,NA,NA,NA,"O","PAH",0.0132,0.0158,0.0277,NA,NA,TRUE
"Phenanthrene","85-01-8",178,372,1.45e-07,1.1,2.3e-05,0.001,1e-05,31600,26500,3700,"1990","1060",1.26,0.999,678,0.183,0.097,0.0971,151,151,0.00712,0.0338,0.0409,0.282,NA,582,1030,NA,NA,NA,NA,NA,NA,NA,NA,"O","PAH",0.0971,0.0142,0.0249,NA,NA,TRUE
"Phenol","108-95-2",94.1,314,0.000368,83000,4e-07,0.082,9.1e-06,31.6,29.8,4.4,"2.24","1.2",25.3,1,9.63,2.19,5.26,5.26,5.53,5.53,0.000265,0.00126,0.00153,0.000238,NA,2.85,NA,NA,0.3,"IRIS",NA,NA,0.2,NA,NA,"O","Ionizing",5.26,0.00053,0.000928,NA,NA,TRUE
"Phenyl Cellosolve","122-99-6",138.17,296.47,5.9e-06,28000,1.55e-05,NA,NA,12.6,14.92,NA,"1.119","0.5968",NA,0.999813,NA,NA,NA,NA,NA,NA,NA,NA,NA,NA,NA,1.864,1.864,NA,NA,NA,NA,NA,NA,NA,NA,NA,NA,NA,NA,NA,NA,NA,TRUE
"Phenylenediamine N","106-50-3",108.14,236.83,8.58e-07,199000,6.73e-10,0.0837,9.78e-06,0.407,33.8,NA,"2.53725","1.3532",NA,0.9999,NA,NA,NA,NA,57.5,57.5,3.96e-09,1.25e-08,NA,NA,NA,0.9124,0.9124,NA,NA,NA,NA,NA,NA,NA,NA,NA,NA,NA,NA,NA,NA,NA,NA
"Phosphine","7803-51-2",34,140,41,312,NA,0.181,NA,490000,NA,NA,"#VALUE!","#VALUE!",36.1,0,NA,NA,NA,NA,NA,NA,NA,NA,NA,NA,NA,NA,NA,NA,3e-04,"IRIS",NA,NA,3e-04,NA,NA,"I",NA,NA,NA,NA,NA,NA,TRUE
"Phosphorus (Yellow OR White)","7723-14-0",124,317,3.42e-05,3,NA,NA,NA,1200,NA,NA,"#VALUE!","#VALUE!",10.1,0,NA,NA,NA,NA,NA,NA,NA,NA,NA,NA,NA,NA,NA,NA,2e-05,"IRIS",NA,NA,NA,NA,NA,"I","Metal",NA,NA,NA,NA,NA,TRUE
"Phthalic anhydride (1,2-Benzene dicarboxylic anhydride)","85-44-9",148.12,403.95,6.8e-07,6200,1.63e-08,0.071,8.6e-06,0.239883292,0.25,0.002,"0.02","0.01",13490.4,1,6.39,2599,8.38,8.38,0.75,0.75,2.19e-06,1.04e-05,1.26e-05,1.99e-06,NA,3.16,NA,NA,2,"IRIS",NA,NA,0.02,NA,NA,"O",NA,8.38,4.38e-06,7.67e-06,NA,NA,TRUE
"PM","E1647593",NA,273,NA,NA,NA,NA,NA,NA,NA,NA,NA,NA,NA,0,NA,NA,NA,NA,NA,NA,NA,NA,NA,NA,NA,NA,NA,NA,NA,NA,NA,NA,NA,NA,NA,NA,NA,NA,NA,NA,NA,NA,TRUE
"PM_2013_point","E1647593-2013",NA,NA,NA,NA,NA,NA,NA,NA,NA,NA,NA,NA,NA,NA,NA,NA,NA,NA,NA,NA,NA,NA,NA,NA,NA,NA,NA,NA,NA,NA,NA,NA,NA,NA,NA,NA,NA,NA,NA,NA,NA,NA,NA
"PM10","E1647619",NA,273,NA,NA,NA,NA,NA,NA,NA,NA,NA,NA,NA,0,NA,NA,NA,NA,NA,NA,NA,NA,NA,NA,NA,NA,NA,NA,NA,NA,NA,NA,NA,NA,NA,NA,NA,NA,NA,NA,NA,NA,TRUE
"PM10_2013_point","E1647619-2013",NA,273,NA,NA,NA,NA,NA,NA,NA,NA,NA,NA,NA,0,NA,NA,NA,NA,NA,NA,NA,NA,NA,NA,NA,NA,NA,NA,NA,NA,NA,NA,NA,NA,NA,NA,NA,NA,NA,NA,NA,NA,TRUE
"PM2.5 Diesel","MDPM25",NA,273,NA,NA,NA,NA,NA,NA,NA,NA,NA,NA,NA,0,NA,NA,NA,NA,NA,NA,NA,NA,NA,NA,NA,NA,NA,NA,NA,NA,NA,NA,0.005,3e-04,NA,"O",NA,NA,NA,NA,NA,NA,TRUE
"PM2.5 Diesel_2013_point","MDPM25-2013",NA,NA,NA,NA,NA,NA,NA,NA,NA,NA,NA,NA,NA,NA,NA,NA,NA,NA,NA,NA,NA,NA,NA,NA,NA,NA,NA,NA,NA,NA,NA,NA,NA,NA,NA,NA,NA,NA,NA,NA,NA,NA,NA
"PM2.5,PRIMRY","E1647635",NA,273,NA,NA,NA,NA,NA,NA,NA,NA,NA,NA,NA,0,NA,NA,NA,NA,NA,NA,NA,NA,NA,NA,NA,NA,NA,NA,NA,NA,NA,NA,NA,NA,NA,NA,NA,NA,NA,NA,NA,NA,TRUE
"PM2.5,PRIMRY_2013_point","E1647635-2013",NA,273,NA,NA,NA,NA,NA,NA,NA,NA,NA,NA,NA,0,NA,NA,NA,NA,NA,NA,NA,NA,NA,NA,NA,NA,NA,NA,NA,NA,NA,NA,NA,NA,NA,NA,NA,NA,NA,NA,NA,NA,TRUE
"PM2.5,SECONDARY","E1647636",NA,273.15,NA,NA,NA,NA,NA,NA,NA,NA,NA,NA,NA,0,NA,NA,NA,NA,NA,NA,NA,NA,NA,NA,NA,NA,NA,NA,NA,NA,NA,NA,NA,NA,NA,NA,NA,NA,NA,NA,NA,NA,TRUE
"Polychlorinate Biphenyls (PCBS), Unspeciated","1336-36-3",326,283,1.01e-07,0.043,0.000283,0.001,1e-05,3160000,2450000,24500,"184000","98100",0.03,0.992,23500,0.958,0.00678,0.00678,1650,1650,0.00652,0.031,0.0375,12.8,NA,84100,NA,2,5e-05,"EPA recommended for mixtures in food",2,"IRIS",4e-07,1e-04,NA,"O","PCB",0.01,0.013,0.032,NA,NA,TRUE
"Propane Sultone 1,3-","1120-71-4",122.14,299.5,0.000313,171000,2.36e-06,0.0731,1.04e-05,0.525,9.41,NA,"0.705825","0.37644",NA,1,NA,NA,NA,NA,56,56,4.15e-09,1.31e-08,NA,NA,NA,0.9196,0.9196,NA,NA,NA,2.4,"Cal EPA",NA,0.00069,NA,"O",NA,NA,NA,NA,NA,NA,NA
"Propoxyethylacetate, 2-","20706-25-6",146.18,NA,0.000917,NA,NA,NA,NA,NA,104.82,NA,"7.8615","4.1928",NA,1,NA,NA,NA,NA,NA,NA,NA,NA,NA,NA,NA,NA,NA,NA,NA,NA,NA,NA,NA,NA,NA,NA,NA,NA,NA,NA,NA,NA,NA
"Propyl Cellosolve","2807-30-9",104.15,241.86,0.001795,317000,7.38e-08,NA,NA,1.2,1.549,NA,"0.116175","0.06196",NA,1,NA,NA,NA,NA,NA,NA,NA,NA,NA,NA,NA,0.962,0.962,NA,NA,NA,NA,NA,NA,NA,NA,"O",NA,NA,NA,NA,NA,NA,TRUE
"Propylene","115-07-1",42.08,139,9.17,1160,1.53e-05,0.11,1.07e-05,47.9,21.73,NA,NA,NA,NA,1,NA,NA,NA,NA,3.62,3.62,4.65e-07,1.47e-06,NA,NA,NA,6.398,6.398,NA,NA,NA,NA,NA,3,NA,NA,NA,NA,NA,NA,NA,NA,NA,NA
"Propylene Oxide","75-56-9",58.1,161,0.708,590000,6.97e-05,0.127,1.47e-05,1.07,1.07,0.0107,"0.0803","0.0428",8.43,1,6.55,612,37.2,37.2,0.000863,0.000863,1.19e-05,5.63e-05,6.82e-05,NA,NA,3.16,NA,NA,NA,"could not find this value, recommend removing",0.24,"IRIS",0.03,3.7e-06,NA,"O",NA,37.2,2.37e-05,4.15e-05,NA,NA,TRUE
"Propylenimine 1,2-","75-55-8",57.1,223.15,0.195,1e+06,9.74e-06,0.108,1.18e-05,1.35,14.51,NA,"1.08825","0.5804",NA,1,NA,NA,NA,NA,32.4,32.4,1.07e-08,3.37e-08,NA,NA,NA,1.015,1.015,NA,NA,NA,NA,NA,NA,NA,NA,NA,NA,NA,NA,NA,NA,NA,NA
"Pyrene","129-00-0",202,423,6.05e-09,1.4,1.1e-05,0.001,1e-05,79400,68000,9500,"5100","2720",0.13,0.994,1380,0.145,0.057,0.057,840,840,0.00809,0.0384,0.0465,0.798,NA,1180,3290,NA,0.03,"IRIS",NA,NA,NA,NA,NA,"O","PAH",0.057,0.0162,0.0283,NA,NA,TRUE
"Quinone","106-51-4",108.1,297.74,3.35e-05,74500,1.22e-09,NA,NA,1.78,41.19,NA,"3.08925","1.6476",NA,1,NA,NA,NA,NA,NA,NA,NA,NA,NA,NA,NA,0.9695,0.9695,NA,NA,NA,NA,NA,NA,NA,NA,"O",NA,NA,NA,NA,NA,NA,TRUE
"Selenium","7782-49-2",79,493,0,2060,0.0097,0.0772,9.57e-06,1.74,NA,5,"5","5",NA,0,NA,0.022,0.0195,0.016,NA,NA,0.00586,0.00227,0.188,1.13,NA,129,NA,NA,0.005,"IRIS",NA,NA,0.02,NA,NA,"I","Metal",0.002,1.13,1.13,NA,NA,TRUE
"Styrene","100-42-5",104,242,0.00803,310,0.0027,0.071,8e-06,1000,912,120,"68.4","36.5",9.03,1,47.4,0.395,0.714,0.714,0.0324,0.0324,0.0023,0.0109,0.0132,0.00674,NA,40.7,NA,NA,0.2,"IRIS",NA,NA,1,NA,NA,"O",NA,0.714,0.00459,0.00804,NA,NA,TRUE
"Sulfur Dioxide","7446-09-5",64.1,198,3.95,1e+06,NA,NA,NA,NA,NA,NA,NA,NA,NA,1,NA,NA,NA,NA,NA,NA,NA,NA,NA,NA,NA,NA,NA,NA,NA,NA,NA,NA,NA,NA,NA,"I",NA,NA,NA,NA,NA,NA,TRUE
"Sulfur Dioxide_2013_point","7446-09-5-2013",64.1,198,3.95,1e+06,NA,NA,NA,NA,NA,NA,NA,NA,NA,1,NA,NA,NA,NA,NA,NA,NA,NA,NA,NA,NA,NA,NA,NA,NA,NA,NA,NA,NA,NA,NA,"I",NA,NA,NA,NA,NA,NA,TRUE
"Sulfur Hexafluoride","2551-62-4",146.05,375.35,1.68e-10,2901,3.08,NA,NA,43.7,75.29,NA,"5.64675","3.0116",NA,1,NA,NA,NA,NA,NA,NA,NA,NA,NA,NA,NA,5.91,5.91,NA,NA,NA,NA,NA,NA,NA,NA,NA,NA,NA,NA,NA,NA,NA,NA
"Sulfuric Acid","7664-93-9",98.07,544.47,1.87e-07,1e+06,2.54e-11,NA,NA,0.00631,2.21,NA,"0.16575","0.0884",NA,0.9865,NA,NA,NA,NA,NA,NA,NA,NA,NA,NA,NA,NA,NA,NA,NA,NA,NA,NA,NA,NA,NA,NA,NA,NA,NA,NA,NA,NA,NA
"TetraCDD, 2,3,7,8-","1746-01-6",322,579,1.97e-12,1.93e-05,3.29e-05,0.104,5.6e-06,6310000,3890000,38900,"292000","156000",0.03,0.664,40000,1.03,0.00455,0.00455,65500,65500,0.0055,0.0261,0.0316,0.0596,3.32,34400,NA,0.09,7e-10,"MDH",1400000,"MDH",4e-08,400,NA,"O","D",0.00455,0.011,0.0193,1,NA,TRUE
"TetraCDF, 2,3,7,8-","51207-31-9",306,501,1.97e-11,0.000419,1.44e-05,0.0235,6.01e-06,1260000,776000,7760,"58200","31000",0.03,0.77,11600,1.49,0.0115,0.0115,45700,45700,0.00768,0.0365,0.0442,0.0361,2.56,9930,NA,0.09,7e-09,"MDH",140000,"MDH",4e-07,40,NA,"O","F",0.0115,0.0154,0.0269,0.1,NA,TRUE
"Tetrachlorobiphenyls, Unspeciated","26914-33-0",326,283,1.01e-07,0.043,0.000283,0.001,1e-05,3160000,2450000,24500,"184000","98100",0.03,0.992,23500,0.958,0.00678,0.00678,1650,1650,0.00652,0.031,0.0375,12.8,NA,84100,NA,2,4.5e-05,"average of oral RFD for Aroclor 1254 and Aroclor 1016",420,"MDH, based on most toxic congener",0.00013,0.085714286,NA,"O","PCB",0.01,0.013,0.032,NA,NA,TRUE
"Tetrachloroethane, 1,1,2,2-","79-34-5",168,229,0.00605,3000,0.00034,0.071,7.9e-06,251,79,0.19,"5.93","3.16",5.75,1,16.4,86.2,1.59,1.59,0.0591,0.0591,0.0011,0.00521,0.0063,0.35,NA,14.1,NA,NA,0.02,"IRIS",0.2,"IRIS",NA,5.8e-05,NA,"O",NA,1.59,0.00219,0.00384,NA,NA,TRUE
"Tetrachloroethylene (Perchloroethylene)","127-18-4",166,251,0.025,200,0.018,0.072,8.2e-06,2510,265,0.31,"19.9","10.6",0.7,1,96.4,311,0.42,0.42,0.013,0.013,0.00343,0.0163,0.0197,0.00279,NA,82.8,NA,NA,0.006,"IRIS",0.0021,"IRIS",0.1,5e-06,NA,"O",NA,0.42,0.00687,0.012,NA,NA,TRUE
"Tetrafluoroethane 1,1,1,2- (HFC-134a)","811-97-2",102.03,123.48,5.21,767.8,1.53,0.0823,1.06e-05,47.86,86,NA,"6.45225","3.4412",NA,1,NA,NA,NA,NA,4.08,4.08,3.78e-07,1.2e-06,NA,NA,NA,5.627,5.627,NA,NA,NA,NA,NA,80,NA,NA,NA,"HFC",NA,NA,NA,NA,NA,NA
"Tetrafluoromethane (PFC-14)","75-73-0",88,109.2,91.3,2239,4.59,NA,NA,15.5,43.89,NA,"3.29175","1.7556",NA,1,NA,NA,NA,NA,NA,NA,NA,NA,NA,NA,NA,2.347,2.347,NA,NA,NA,NA,NA,NA,NA,NA,NA,"PFC",NA,NA,NA,NA,NA,NA
"Titanium Tetrachloride","7550-45-0",189.68,499.89,0.00735,2741,0.00051,0.038,9.06e-08,29.5,43.9,NA,"3.29175","1.7556",NA,1,NA,NA,NA,NA,NA,NA,NA,NA,NA,NA,NA,2.322,2.322,NA,NA,NA,NA,NA,NA,NA,NA,NA,NA,NA,NA,NA,NA,NA,NA
"Toluene","108-88-3",92.1,178,0.0368,530,0.0066,0.087,8.6e-06,501,140,0.36,"10.5","5.6",11.5,1,27.9,77.4,1.07,1.07,0.00636,0.00636,0.00162,0.00769,0.00931,0.00369,NA,23.9,NA,NA,0.08,"IRIS",NA,NA,0.4,NA,NA,"O",NA,1.07,0.00324,0.00567,NA,NA,TRUE
"Toluidine, o-","95-53-4",107,257,0.000421,16600,2.72e-06,0.0714,9.12e-06,20.9,19.9,0.2,"1.49","0.79",36.1,1,8.72,43.9,6.68,6.68,0.523,0.523,0.000191,0.000909,0.0011,0.000174,NA,2.07,NA,NA,NA,NA,0.016,"PPRTV",NA,5.1e-05,NA,"O",NA,6.68,0.000383,0.00067,NA,NA,TRUE
"PAHs, Unspeciated","130498-29-2",228,527,1.03e-11,0.00194,1.21e-06,0.0248,6.21e-06,548000,297000,2970,"22300","11900",0.253,0.761,6100,2.06,0.0187,0.0187,59700,59700,0.00436,0.0138,0.0167,4.36,NA,NA,6030,NA,3e-04,"IRIS (value for Benzo(a)pyrene)",1.7,"MDH (value for benzo(a)pyrene",NA,5.5e-05,NA,"O","PAH",0.0132,0.0158,0.0277,NA,NA,TRUE
"Trichlorobenzene, 1,2,4-","120-82-1",181,290,0.000566,35,0.0014,0.03,8.23e-06,10000,1660,3.6,"125","66.4",1.41,1,279,77.6,0.189,0.189,0.727,0.727,0.00547,0.026,0.0315,0.0773,NA,240,NA,NA,0.01,"IRIS",0.029,"PPRTV",NA,NA,NA,"O",NA,0.189,0.0109,0.0192,NA,NA,TRUE
"Trichlorobiphenyl 2,4,4'-","7012-37-5",326,283,1.01e-07,0.043,0.000283,0.001,1e-05,3160000,2450000,24500,"184000","98100",0.03,0.992,23500,0.958,0.00678,0.00678,1650,1650,0.00652,0.031,0.0375,12.8,NA,84100,NA,2,7e-05,"IRIS, Aorclor 1016",0.07,"IRIS",4e-07,0.00057,NA,"O","PCB",0.01,0.013,0.032,NA,NA,TRUE
"Trichloroethane, 1,1,1-","71-55-6",133,243,0.158,1300,0.017,0.078,8.8e-06,316,135,0.22,"10.1","5.4",0.93,1,19.5,88.8,1.39,1.39,0.00151,0.00151,0.00125,0.00596,0.00721,0.0021,NA,16.8,NA,NA,2,"IRIS",NA,NA,5,NA,NA,"O",NA,1.39,0.00251,0.00439,NA,NA,TRUE
"Trichloroethane, 1,1,2-","79-00-5",133,236,0.0303,4400,0.00091,0.078,8.8e-06,100,75,0.1,"5.63","3",0.69,1,8.05,80.5,2.7,2.7,0.00829,0.00829,0.000611,0.0029,0.00351,0.000993,NA,6.92,NA,NA,0.004,"IRIS",0.057,"IRIS",NA,1.6e-05,NA,"O",NA,2.7,0.00122,0.00214,NA,NA,TRUE
"Trichloroethylene","79-01-6",131,188,0.0961,1500,0.01,0.079,9.1e-06,251,94.3,0.33,"7.07","3.77",0.7,1,16.4,49.6,1.59,1.59,0.00201,0.00201,0.0011,0.00521,0.0063,0.00215,NA,14.1,NA,NA,5e-04,"IRIS",0.046,"IRIS",0.002,3.3e-06,NA,"O",NA,1.59,0.00219,0.00384,NA,NA,TRUE
"Trichlorophenol, 2,4,5-","95-95-4",197.5,341.15,2.63e-05,1200,4.33e-06,0.0291,7.03e-06,5248.074602,1597,15.97,"119.775","63.88",0.37,1,170,10.6,0.274,0.274,118,118,0.000416592,0.001978814,0.002395406,0.058883552,NA,58.1,NA,NA,0.1,"IRIS",NA,NA,0.35,NA,NA,"O","Ionizing",0.274,0.000833185,0.001458073,NA,NA,TRUE
"Trichlorophenol, 2,4,6-","88-06-2",198,342,3.16e-05,800,7.8e-06,0.001,1e-05,5010,381,0.76,"28.6","15.2",3.61,1,164,216,0.281,0.281,62.5,62.5,2.72e-05,0.000129,0.000156,0.0409,NA,56.1,NA,NA,0.001,"PPRTV",0.011,"IRIS",NA,3.1e-06,NA,"O","Ionizing",0.281,5.44e-05,9.51e-05,NA,NA,TRUE
"Triethylamine","121-44-8",101,158,0.0751,73700,0.000103,0.0875,1.01e-05,28.2,26.7,0.267,"2","1.07",3.37,1,9.35,35.1,5.62,5.62,0.019,0.019,0.000243,0.00115,0.0014,NA,NA,2.61,NA,NA,NA,"unknown, recommend removing",NA,NA,0.007,NA,NA,"O",NA,5.62,0.000486,0.00085,NA,NA,TRUE
"Triethyleneglycol","112-27-6",150.18,321.17,2.6e-07,1e+06,3.16e-11,0.0509,8.06e-06,0.0178,10,NA,NA,NA,NA,1,NA,NA,NA,NA,399,399,1.4e-10,4.45e-10,NA,NA,NA,0.8933,0.8933,NA,2,"PPRTV",NA,NA,NA,NA,NA,NA,NA,NA,NA,NA,NA,NA,NA
"Triethylene Glycol Dimethyl Ether","112-49-2",178.23,275.95,0.000314,249000,3.24e-09,NA,NA,0.17,10,NA,"0.75","0.4",NA,1,NA,NA,NA,NA,NA,NA,NA,NA,NA,NA,NA,0.902,0.902,NA,NA,NA,NA,NA,NA,NA,NA,NA,NA,NA,NA,NA,NA,NA,NA
"Trifluoroethane 1,1,1- (HFC-143a)","420-46-2",84.04,122.35,9.13,760.9,0.77,NA,NA,54.95,43.9,NA,"3.29175","1.7556",NA,1,NA,NA,NA,NA,NA,NA,NA,NA,NA,NA,NA,6.309,6.309,NA,NA,NA,NA,NA,NA,NA,NA,NA,"HFC",NA,NA,NA,NA,NA,NA
"Trifluralin","1582-09-8",335,322,6.03e-08,0.184,0.00011,0.0394,4.56e-06,219000,178000,1780,"13300","7100",6.66,0.99,3010,1.69,0.0317,0.0317,248,248,0.00857,0.0407,0.0493,NA,NA,2580,16700,NA,0.0075,"IRIS",0.0077,"IRIS",NA,NA,NA,"O",NA,0.0317,0.0171,0.03,NA,NA,TRUE
"Triglycol Monobutyl Ether","143-22-6",206.28,330.4,6.8e-07,127000,2.36e-11,NA,NA,1.04,10,NA,"0.75","0.4",NA,0.999675,NA,NA,NA,NA,NA,NA,NA,NA,NA,NA,NA,0.944,0.944,NA,NA,NA,NA,NA,NA,NA,NA,NA,NA,NA,NA,NA,NA,NA,NA
"Trimethylbenzene 1,2,4-","95-63-6",120,229,0.00276,57,0.00583,0.078,9.03e-06,4270,3700,37,"278","148",9.03,1,145,3.91,0.309,0.309,0.0705,0.0705,0.00418,0.0199,0.0241,NA,NA,124,NA,NA,0.01,"IRIS",NA,NA,0.007,NA,NA,"O",NA,0.309,0.00837,0.0146,NA,NA,TRUE
"Trimethylbenzene, 1,3,5-","108-67-8",120,228,0.00326,48.2,0.00877,0.0602,8.67e-06,2630,612,6.12,"45.9","24.5",NA,1,99.9,16.3,0.409,0.409,0.028,0.028,0.0035,0.0166,0.0201,0.0209,NA,85.8,NA,NA,0.01,"IRIS",NA,NA,NA,NA,NA,"O",NA,0.409,0.00699,0.0122,NA,NA,TRUE
"Trimethylbenzenes, Unspeciated","25551-13-7",120,228.5,0.00301,52.6,0.0073,0.0691,8.85e-06,3450,2156,21.56,"161.95","86.25",9.03,1,122.45,10.105,0.359,0.359,0.04925,0.04925,0.00384,0.01825,0.0221,0.0209,NA,104.9,NA,NA,0.01,"IRIS",NA,NA,0.007,NA,NA,"O",NA,0.359,0.00768,0.0134,NA,NA,TRUE
"Trimethylpentane 2,2,4-","540-84-1",114.23,188.04,0.058,9.91,3.01,0.0574,7.06e-06,12302,240.3,NA,"18.0225","9.612",NA,1,NA,NA,NA,NA,0.163,0.163,9.72e-05,0.000308,NA,NA,NA,428.2,428.2,NA,NA,NA,NA,NA,NA,NA,NA,NA,NA,NA,NA,NA,NA,NA,NA
"Toluene 2,4 Diisocyante","584-84-9",174,294,1.05e-05,37.6,4.88e-05,0.0609,7.05e-06,5500,4750,47.5,"356","190",3.37,1,176,3.71,0.267,0.267,11,11,0.00456,0.0217,0.0262,NA,NA,151,NA,NA,NA,NA,NA,NA,7e-05,1.1e-05,NA,"O",NA,0.267,0.00912,0.016,NA,NA,TRUE
"Vanadium","7440-62-2",50.94,462.6,5.55e-12,86400,0.0245,NA,NA,1.7,13.2,NA,"0.9915","0.5288",NA,0.212,NA,NA,NA,NA,0.0055,0.0055,2e-05,0.0025,NA,NA,NA,0.9834,0.9834,NA,NA,NA,NA,NA,NA,NA,NA,NA,NA,NA,NA,NA,NA,NA,NA
"Vinyl Acetate","108-05-4",86.1,180,0.118,20000,0.00051,0.085,9.2e-06,5.37,5.22,0.79,"0.39","0.21",NA,1,7.16,9.06,8.38,8.38,0.000657,0.000657,5.89e-05,0.00028,0.000339,3.97e-05,NA,3.16,NA,NA,NA,"HEAST, eliminate",NA,NA,0.2,NA,NA,"O",NA,8.38,0.000118,0.000206,NA,NA,TRUE
"Vinyl Bromide","593-60-2",106.95,180.46,1.37,5079,0.0123,0.0862,1.17e-05,33.1,21.73,NA,"1.62975","0.8692",NA,1,NA,NA,NA,NA,4.73,4.73,2.94e-07,9.29e-07,NA,NA,NA,4.214,4.214,NA,NA,NA,NA,NA,0.003,NA,NA,"O",NA,NA,NA,NA,NA,NA,NA
"Vinyl Chloride","75-01-4",62.5,123,3.95,8800,0.027,0.106,1.23e-05,25.1,15.4,0.037,"1.15","0.62",1.41,1,9.09,246,6.01,6.01,6.41e-05,6.41e-05,0.000222,0.00105,0.00128,0.000111,NA,2.39,NA,NA,0.003,"IRIS",0.72,"IRIS",0.1,8.8e-06,NA,"O",NA,6.01,0.000444,0.000776,NA,NA,TRUE
"VOCs, Unspeciated","E761346",NA,NA,NA,NA,NA,NA,NA,NA,NA,NA,NA,NA,NA,1,NA,NA,NA,NA,NA,NA,NA,NA,NA,NA,NA,NA,NA,NA,NA,NA,NA,NA,NA,NA,NA,"O",NA,NA,NA,NA,NA,NA,TRUE
"VOCs, Unspeciated_2013_point","E761346-2013",NA,NA,NA,NA,NA,NA,NA,NA,NA,NA,NA,NA,NA,NA,NA,NA,NA,NA,NA,NA,NA,NA,NA,NA,NA,NA,NA,NA,NA,NA,NA,NA,NA,NA,NA,NA,NA,NA,NA,NA,NA,NA,NA
"Xylenes (Mixed Isomers)","1330-20-7",107,256,0.0105,106,0.0106,0.0842,9.75e-06,1450,381,3.81,"28.6","15.2",8.43,1,63,16.5,0.578,0.578,0.0122,0.0122,0.00272,0.0129,0.0156,NA,NA,54.1,NA,NA,0.2,"IRIS",NA,NA,0.1,NA,NA,"O",NA,0.578,0.00544,0.00952,NA,NA,TRUE
"Zinc","7440-66-6",65.38,693,NA,NA,NA,NA,NA,NA,NA,NA,NA,NA,NA,0,NA,NA,NA,NA,NA,NA,NA,NA,NA,NA,NA,NA,NA,NA,0.3,"IRIS",NA,NA,NA,NA,NA,NA,NA,NA,NA,NA,NA,NA,NA
